AB;astma bronchiale, bronchiální astma
ABC;zajištění základních životních funkcí (z angl. Airway – Breathing – Circulation)
abdominální;břišní
AED;Automatický Externí Defibrilátor, přístroj určení pro provedení defibrilace laikem co nejdříve po srdeční zástavě
akutní;náhlý, neočekávaný
ambuvak;gumový vak používaný na provádění umělého dýchání
antidotum;protijed, létka, částečně, nebo úplně neuralizující působení jiné, škodlivé látky
ALS;Advanced Life Support, rozšířená nedkladná resuscitace, tj. resuscitace za pomoci pomůcek, přístrojů, léků atd.
ALS unit;(v anglosaské terminologii) sanita vybavená technicky i personálně pro poskytování ALS, resp. řady dalších, i invazivních léčebných výkonů
amp.;ampule
anemie;nedostatek červených krvinek v krvi
aneurysma;výduť (zpravidla na tepně – místo s rizikem prasknutí)
angina pectoris;jeden z projevů nedostatečnosti prokrvení srdce (ICHS), projevující se bolestí na prsou zejména při námaze
anterior;přední
anti…ika (…iva);léky působící proti…
aorta;největší tepna těla vedoucí od srdce vzhůru a obloukem zpět podél páteře do pánve
AP;angina pectoris
Apgar;skóre podle Apgarové = škála pro hodnocení novorozence ihned po porodu. Boduje se několik parametrů 3x po porodu, maximum = 3 x 10
ARO;anesteziologicko-resuscitační oddělení, oddělení kde se léčí pacienti bezprostředně ohrožení na životě
asystolie;stav kdy se srdce nestahuje
astenie;slabost, “neduživost”
ataxie;poruchy postoje a pohybů
AV blok;porucha převodu srdečních vzruchů mezi sredeční síní a komorou
BLS;Basic Life Support, základní nedkladná resuscitace, tj. resuscitace bez pomůcek resp. s nejjednoduššími neinvazivními pomůckami
BLS unit;(v anglosaské terminologii) sanita vybavená technicky i personálně pro poskytování BLS, tj. pouze se základní výbavou
bolus;podání většího množství (léku, roztoku) najednou
bradykardie;pomalá srdeční akce, puls zpravidla 40 tepů za minutu a méně
bronchiální;průduškový, s průduškami související
ca.;karcinom, zhoubný nádor
CMP;cévní příhoda mozková, porucha prokrvení mozku
COPD;CHCHBP v anglické zkratce
CP;centrální příjem
C-páteř;krční část páteře (prvních 7 obratlů)
CT;počítačová tomografie, RTG vyšetřovací metoda zobrazující příčné řezy zobrazovanou částí těla
CVP;centrální žilní tlak, tlak krve v horní duté žíle
CŽK;centrální žilní katétr = plastová trubička zavedená do žíly velkého průsvitu
DEFI;elektrická defibrilace, léčebný elektrický výboj mající za cíl obnovit pravidlenou srdeční akci
defibrilace;elektrická defibrilace, léčebný elektrický výboj mající za cíl obnovit pravidlenou srdeční akci
dialýza;léčebná procedura nahrazující funkci ledvin
diagnóza;odborný název nemoci
DIC;disseminovaná intravaskulární koagulopatie, těžká porucha krevní srážlivosti zpravidla ve spojení s šokem
distorze;podvrtnutí
diuretika;léky způsobující zvýšenou tvorbu moči, zpravidla užívané při léčbě krevního tlaku
DLS;Dispatch Life Support, řízení laické resuscitace po telefonu dispečerem záchranné služby
DN;dopravní nehoda
ebrieta;opilost
ECMO;Extracorpoream Membrane Oxygenation – metoda pro zajištění mimotělní oxygenace a oběhu v případě selhání životních funkcí pacienta
ED;Emergency Department, centrální příjmové oddělení nemocnice
EEG;elektroencefalogram, snímání a zápis elektrických potenciálů mozku
EF;ejekční frakce, udává, jaká část krve v srdeční komoře je při stahu srdce vypuzena ven do aorty
EKG;elektrokardiogram, záznam elektrické aktivity srdeční
embolie;ucpání cévy (tepny) sraženou krví (vmetkem)
embolus;vmetek, původně trombus, chuchvalec sražené krve který se utrhl a ucpal nějakou cévu
EPI;epilepsie (padoucnice)
epiglotis;příklopka hrtanová, destička z chrupavky kryjící vstup do dýchacích cest a bránící vdechnutí potravy
epilepsie;padoucnice, záchvatovité křeče
ET-CO2;koncentrace kysličníku uhličitého ve vydechovaném vzduchu
Fe;Fentanyl = opiát, silný lék proti bolesti
febrilie;zvýšená teplota
femur;stehenní kost
fiO2;koncentrace kyslíku ve vdechovaném vzduch
fisura;prasklina
FK;fibrilace (nekoordinovaný pohyb) srdečních komor
fóbie;chorobný strach, obava z něčeho
FR;fyziologický roztok = infuzní roztok vody a soli
fr.;fraktura, zlomenina
fraktura;zlomenina
FS;fibrilace (nekoordinovaný pohyb) srdečních síní
GCS;Glasgow Coma Scale – škála pro hodnocení poruch vědomí.
glukoza;nejdůležitější z cukrů rozpuštěných v krvi
glykemie;hladina cukru v krvi
hemisféra;polovina mozku (levá, pravá)
hemoragie;krvácení
humerus;pažní kost
hy.;hysterie
hypnotika;léky na vyvolání spánku
hypoxie;stav nedostatku kyslíku
HZS;Hasičský záchranný sbor
CHOCHBP;chronická obstrukční choroba bronchopulmonální
i.m.;intramuskulární – do svalu (zpravidla podání léku)
i.o.;intraosseální – nitrokostní (zpravidla podání léku)
i.v.;intravenózní – do žíly (zpravidla podání léku)
ictus;cévní příhoda mozková, porucha prokrvení mozku
ICU;JIP v anglické zkratce
ICHDK;ischemická choroba dolních končetin, zpravidla následek zúžení ucpání tepen v pánvi nebo končetinách
ICHS;ischemická choroba srdeční – nedostatečné zásobení srdce krví, zpravidla následek zúžení nebo ucpání tepen zásobujících srdce (koronárních tepen)
infuzní;určený k podání do žíly
inj.;injekce, injekční
intoxikace;otrava
intra…;nacházející se (probíhající) uvnitř …
ischemie;nedostatečné prokrvení
IZS;integrovaný záchranný systém
JIP;jednotka intenzivní péče
kanyla;dutá, tuhá, zpravidla plastová nebo kovová trubička sloužící pro zřízení komunikace mezi tělní dutinou, případně cévou. Zpravidla slouží pro podání léku do či odsátí patologického obsahu či vzorku z dutiny (cévy).
kardiální;srdeční
karotida;krkavice, tepna vystupující z aurty a vedoucí krev pod kůží na krku směrem do mozku
katetr;pružná plastová nebo gumová hadička určená k zavedení do žíly nebo tělní dutiny
KCT;kraniocerebrální trauma, úraz mozku
KJ;koronární jednotka, jednotka intenzivní péče specializovaná na léčbu nemocí srdce
kolika;křečovité a velmi bolestivé stažení hladkého svalstva v útrobách
koniotomie;zjednání náhradního přístupu do dýchacích cest protětím kůže a vyzivové membrány pod ohryzkem
komoce;otřes mozku
koronární;věnčitý (o tepnách),  týkající se srdce (všeobecně)
KPCR;kardiopulmocerebrální resuscitace, modernější název pro KPR
KPR;kardioplumnální resuscitace, oživování
krkavice;tepna vystupující z aurty a vedoucí krev pod kůží na krku směrem do mozku
KS;kardiostimulátor, přístroj k podpoře pravidleného srdečního rytmu
kvadruplegie;ochrnutí všech končetin
larynx;hrtan
laterální;boční
L-páteř;bederní část páteře (posledních 5-6 obratlů)
LSPP;lékařská služba první pomoci, pohotovostní služba praktických lékařů
luxace;vykloubení
LZS;letecká záchranná služba
ME;Mesocain, látka užívaná k místnímu znecitlivění a jako lék proti arytmiím
mg.;miligram = jednotka dávkování
ml.;mililitr = jednotka dávkování
MO;Morfin = opiát, silný lék proti bolesti
MP;Městská policie
N2O;oxid dusný, “rajský plyn”, látka používaná kve směsi s kyslíkem ke znecitlivění
nausea;pocit nevolnosti
NCA;neurocirkulační astenie, labilita oběhu v závislosti na nervovém rozpoložení
negativní revers;prohlášení pacienta, že nesouhlasí s navrhovaným léčebným úkonem/postupem
nitráty;léky působící roztažení cév a zlepšení prokrvení, typicky užívané při ischemické chorobě srdeční
NMR;nukleární magnetická rezonance, zobrazovací vyšetřovací metoda přesnější naž RTG
NSA;nesteroidní antirevmatika = slabší léky proti zánětu a zpravidla i proti bolesti
NTG;nitroglycerin
O2;kyslík
OS;operační středisko
OTI;orotracheální intubace = zajištení dýchacích cest plastovou rourkou s možností napojení na dýchací přístroj
p.o.;perorální – ústy (zpravidla podání léku)
PAD;Public Access Defibrilation, veřejně dostupná defibrilace, myšlenka defibrilace laickým svědkem příhody za použití automatického defibrilátoru
paraplegie;ochrnutí obou dolních kočetin
parazit;cizopasník, živý organizmus žijící v – a na úkor – jiného živého organismu (např. tasemnice)
PCI;perkutánní koronární intervence – moderní metoda metoda zprůchodnění srdečních cév katetrem s mikrobalónkem zavedeným z třísla aortou do srdce (též PTCA)
PČR;Policie České republiky
PEEP;pozitivní end-expirační přetlak, metoda umožňující pomocí speciálního ventilu a přívodu kyslíku (nebo při řízené ventilaci) zajistit pozitivní tlak v dýchacích cestách v nádechu i výdechu
permanentní;stálý
plicní edém;otok plicní, volná tekutina v plicní tkáni
pneumonie;zápl plic
PNO;pneumothorax (vzduch mezi stěnou hrudní a plicí)
posterior;zadní
PQ;část křivky elektrokardiogramu vypovídající o šíření vzruchů po srdci z předsíní na komory
pruritus;svědění
psychóza;duševní onemocnění
PTCA;perkutánní transluminální koronární angioplastika, moderní metoda metoda zprůchodnění srdečních cév katetrem s mikrobalónkem zavedeným z třísla aortou do srdce (též PCI)
QRS;typický obraz stahu srdečních komor na elektrokardiogramu
resuscitace;oživování
retro…;nacházející se za…
RL;Ringerův roztok s laktátem
RLP;rychlá lékařská pomoc (posádka záchrané slžby s lékařem)
RR;Ringerův roztok = infusní roztok vody a solí, též zkratka pro dechovou frekvenci (Respiratory Rate)
RTG;rentgen
RV;rendez vous systém – setkávací systém, organizačně motivovaná spolupráce více výjezdových skupin (typicky skupiny RV s lékařem a skupiny RZP skupiny bez lékaře) u jedné události
RZP;rychlá zdravotnická pomoc (posádka záchranné slžužby se setraou a/nebo záchranářem)
ŘV;řízená ventilace = dýchání přístrojem
s.c.;subcutánní – podkožní (zpravidla podání léku)
SAK;subarachnoidální krvácení, krvácení do mozkové tkáně
sat. O2;saturace kyslíkem – podíl okysličeného hemoglobinu v krvi
scoop;speciální rám pro šetrnou manipulaci s pacientem v terénu
sedativa;léky na zklidnění
set;souprava, sada
schanz;Schanzův lémec, plastový korzet používaný ke stabilizaci krční páteře
SCHJ;succinylcholinjodid, látka použávaná k uvolnění svalů při OTI
sono;vyšetření ultrazvukem
spasmus;křeč
ST;část křivky eletrokardiogramu, jejíž zvýšení (elevace) nebo snížení (deprese) mimo nulovou úroveň svědčí pro nedokrvení a následný nedostatek kyslíku v srdeční svalovině
stenokardie;typická svíravá bolest za hrudní kostí, jíž se projevuje nedokrvení srdeční svaloviny
sternum;hrudní kost
stridor;“hvízdání” při překážce v dýhacích cestách
symptom;příznak
syndrom;spolu se vyskytující skupina příznaků typická pro konkrétní onemocnění
tachykardie;rychlá srdeční akce, puls zpravidla 100 tepů za minutu a více
taxe;schopnost přesného doteku na určené místě (při testování pohybových funkcí) – viz Ataxie
tbl.;tableta
TEP;totální endoprotéza, umělá náhrada kloubu
tepna;céva vedoucí krev od srdce k orgánům
thorakální;hrudní
Th-páteř;hrudní část páteře (prostředních 12 obratlů)
TIA;tranzitorní ischemická ataka = přechodná porucha prokrvení mozku
tibie;holenní kost
titubace;kolísání ve stoji, chůzi
TK;tlak krve (dvě čísla oddělená lomítkem, první je větší než druhé)
TK diast.;tlak krve v diastole (v okmažiku uvolnění srdce) = číslo za lomítkam
TK syst.;tlak krve v systole (v okamžiku stahu srdce) = číslo před lomítkem
trauma;úraz
trombolýza;rozpuštění trombu látkou podanou do krve
trombus;chuchvalec sražené krve lpící na porušené vnitřní cévní stěně
Tu;tumor, nádor bez určení zhoubnosti
ug.;mikrogram = jednotka dávkování
ung.;mast
UPV;umělá plicní ventilace = přístrojová náhrada dýchání
UZ;ultrazvuk, vyšetření ultrazvukem
ventimaska;plastová maska sloužící k podání kyslíku pacientovi který sám dýchá
vertigo;pocit “motání” hlavy
viróza;choroba způsobená viry, nitrobuněčnými parazity
vomitus;zvracení
vulnus;rána
zoonóza;onemocnění přenosné ze zvířat na člověka
ZOS;zdravotnické operační středisko
ZZS;zdravotnická záchranná služba
žíla;céva vedoucí krev od orgánů k srdci
Ab;Protilátka (z angl. Antibody)
ACE;acetyl cholin esteráza
ACE;angiotensin konvertující enzym
ACEI;inhibitory acetylcholinesterázy
ACTH;Adrenokortikotropní hormon
AChR;Acetylcholinové receptory
AD;autozomálně dominantní
ADD;Porucha pozornosti (attention deficit disorder)
ADH;Antidiuretický hormon, vazopresin
ADHD;Porucha pozornosti v důsledku hyperaktivity (attention deficit hyperactivity disorder)
ADHS;viz ADHD
AE;Antiepileptikum
AEP;akustické evokované potenciály
AFP;alfafetoprotein
AG;Angiografie
Ag;Antigen
AIDP;Akutní zánětlivá demyelinizační polyneuropatie (acute inflammatory demyelinating polyneuropathy)
AIDS;syndrom získané imunodeficience (acquired immunodeficiency syndrome)
ALD;adrenoleukodystrofie
ALL;akutní lymfatická leukemie
ALT;Alaninaminotransferáza
AML;akutní myeloidní leukemie
ANA;protilátky proti jádru (antinukleární protilátky)
ANCA;protilátky proti neutrofilním bílým krvinkám (antineutrofilní cytoplazmatické protilátky)
ANS;syndrom dechové tísně
aPTT;aktivovaný parciální tromboplastinový čas
AR;autozomálně recesivní
AS;Alportův syndrom
AS;Angelmanův syndrom
ASA;viz KAS
AST;aspartátaminotransferáza
AT III;antitrombin III
ATP;Adenosintrifosfát
AV;síňo-komorový (atrioventrikulární)
AVM;Arteriovenózní malformace
BAE;Kmenové sluchové evokované potenciály (brain stem auditory evokedpotentials)
BAT;výměnná transfuze krve
BCG;Bacilus Calmette- Guérin
BE;exces zásad (bazí)
BERS;Benigní epilepsie s rolandickými hroty (benign epilepsy with rolandic spikes)
BFNNC;Benigní familiární novorozenecné křeče (benign familial neonatal convulsions)
BINNC;Benigní idiopatické novorozenecné křeče (benign idiopathic neonatal convulsions)
BKS;viz FW
BMI;Body Mass Index (vypočte se jako váha v kilech lomená výškou v metrech na druhou)
BP;vázající protein (binding protein)
BVP;Benigní paroxyzmální vertigo
CAE;Dětské absence (childhood absence epilepsy)
cAMP;cyklický adenosin monofosfát
CBZ;Karbamazepin
CDC;centra pro kontrolu nemocí
CEA;karcinoembryonální antigen
CF;cystická fibróza
CIDP;Chronická zánětlivá demyelinizační polyneuropatie (chronic inflammatory demyelinating polyneuropathy)
CK;kreatinkináza
CLZ;Clonazepam
CMD;vrozená svalová dystrofie (kongenitální muskulární choroba)
CML;chronická myeloidní leukemie
CMP;Cévní mozková příhoda
CMT;Charcotova-Marieova-Toothova choroba
CMV;Cytomegalovirus
CNI;chronická insuficience ledvin
CNS;Centrální nervový systém
COX;Cyklooxygenáza
CP;Dětská mozková obrna (cerebral palsy)
CPEO;Chronická progresivní zevní oftalmoplegie (chronic progressive external ophtalmoplegia)
CRP;C-reaktivní protein
CSF;kolonie stimulující faktor (colony-stimulating factor)
CSF;mozkomíšní mok (cerebrospinal fluid)
CT;Počítačová tomografie (computerized tomography)
CTG;kardiotokogram/ kardiotokografie
CVI;Kortikální postižení zraku (cerebral visual impairment)
DAG;Diacylglycerol
DD;diferenciální diagnostika
DIC;diseminovaná intravaskulární koagulace
DM;Diabetes mellitus ( „cukrovka“)
DMD;Duchenneova progresivní svalová dystrofie (Duchènne‘s muscular dystrophy)
DMO;Dětská mozková obrna
DMP;Dědičné metabolické poruchy
DNA;Desoxyribonukleová kyselina
DTP;difterie, tetanus, pertuse (záškrt, tetanus, černý/dávivý kašel)
DZP;Diazepam (anxiolytikum)
EAEC;enteroagregativní E. Coli
EBV;Virus Epsteina-Barrové
EEG;elektroencefalogram/ -fie
EIEE;Časná epileptická encefalopatie s útlumem EEG aktivity a výboji (early inflantile epileptic encephalopathy with suppression burst)
EKG;Elektrokardiogram, elektrokardiograf
ELISA;Enzyme-linked-immunosorbent assai
EME;Časná myoklonická epilepsie
EMG;elektromyogram/ -fie
EPEC;enteropatogenní E. Coli
EPH;edém(otok), proteinurie (bílkovina v moči), hypertenze(vysoký krevní tlak)
EPI;Epilepsie
ERCP;endoskopická retrográdní cholangiopankreatoskopie
ERG;Elektroretinogram
ETEC;enterotoxin vázající E. Coli
FA;farmakologická anamnéza
FCMD;Fukuyamův typ kongenitální svalové dystrofie (Fukuyama congenital muscular dystrophy)
FEV1;forsírovaný vydechovaný objem za 1 sec
FGFR;receptor růstového faktoru fibroblastů
FH;familiární hypercholesterolemie
FHT;familiární hypertriglyceridemie
FISH;fluorescenční in situ hybridizace
FKHL;familiární kombinovaná hyperlipidemie
FSH;folikuly stimulující hormon
fT3;volný trijod tyronin
fT4;volný tyroxin
FZ;Febrilní záchvaty
GABA;gama-aminomáselná kyselina (inhibiční mediátor v nervové soustavě)
GBM;glomerulární bazální membrána
GBS;Guillainův-Barrého syndrom
GE+FS;Generalizovaná epilepsie plus febrilní křeče
GIT;trávicí soustava (gastrointestinální trakt)
GLUT;transportér glukózy
GM;Grand mal (velké epileptické záchvaty)
GN;glomerulonefritida (zánět ledvin)
GnRH;faktor uvolňující gonadotropin
GÖR;gastroezofageální reflex (potrava vracející se ze žaludku do jícnu)
GSC;Glasgow kóma skóre
GVH;graft versus host (reakce štěpu proti hostiteli při transplantaci)
HAK;Hormonální antikoncepce
HAV;Virus hepatitidy typu A
Hb;hemoglobin
HB;hepatitida typu B
HbA;dospělý (adultní) hemoglobin
HbF;fetální hemoglobin
HBV;Virus hepatitidy typu B
hCG;lidský choriogonadotropin
HCM;hypertrofický kardiomyopatie
HCV;Virus hepatitidy typu C
HDL;lipoproteiny o vysoké hustotě (highdensity lipoproteins, ty „hodné“)
HDV;Virus hepatitidy typu D
HEV;virus hepatitidy typu E
HHE;Syndrom hemikonvulze + hemiparéza + epilepsie
HHV;Lidský Herpesvirus
HiB;Hemofilus influenzae typu B
HIE;Hypoxickoischemická encefalopatie
HIV;Virus lidské imunodeficience
Hkt;hematokrit
HLA;antigen lidských leukocytů (bílých krvinek)
HPV;lidský papilomavirus
HST;Hormonální substituční terapie
HSV;virus herpes simplex
HUS;hemolytickouremický syndrom
i.a.;do tepny (intraarteriální)
i.m.;do svalu (intramuskulární)
i.v.;do žíly (intravenózní)
ICR;mezižeberní prostor (interkostální region)
ICS;inhalační glukokortikoidy
Ig;imunoglobulin
IGF1;insulinu podobný růstový faktor
ICHS;Ischemická choroba srdeční
IL;interleukin
IM;Infarkt myokardu
INR;international normalized ratio
IPV;inaktivovaná poliomyelitická vakcína
IQ;inteligenční kvocient
ITP;imunotrombocytopenická purpura
JAE;Juvenilní (mladistvá) absence epilepsie
JLNS;Jervellův-Langeho-Nielsenův syndrom
JME;Juvenilní myoklonická epilepsie
JMG;Juvenilní myastenia gravis
JMML;Juvenilní myelomonocytární leukemie
JRA;juvenilní revmatoidní artitida
KAS;Kyselina acetylsalicylová
KSS;Kearnsův Sayreův syndrom
KMA;alergie na kravské mléko
LDH;laktátdehydrogenáza (enzym utilizující mléko)
LDL;lipoproteiny o nízké hustotě (lowdensity lipoproteins, ty „zlé“)
LEMS;Lambertův-Eatonův myastenický syndrom
LGS;Lennoxův-Gastautův syndrom
LH;Lutheinizační hormon
LKS;Landau-Klefnerův syndrom
LMD;Lehká mozková dysfunkce
LMR;Lehká mentální retardace
LP;Lumbální punkce
MAE;Myoklonicko-astatická epilepsie
MAS;syndrom aspirace mekonia
MCU;mikční cystouretrogram/ -fie
MCV;střední objem červených krvinek
MDS;myelodysplastický syndrom
MELAS;mitochondriální encefalopatie s laktacidózou a iktem
MEN;mnohočetná endokrinní neoplazie
MEP;Motorické evokované potenciály
MEX;maximální exspirační tok
MG;Myasthenia gravis
MH;maligní hypertermie
MKN;Mezinárodní klasifikace nemocí
MMR;spalničky, příušnice, zarděnky
MPS;Mukopolysacharidy
MR;Mentální retardace
MRI;Magnetická rezonance (magnetic resonance imaging)
MRS;Magnetická rezonanční spektroskopie
MSH;melanocyty stimulující hormon
MTX;metotrexát
NALD;neonatální adrenoleukodystrofie
NEC;nekrotizující enterokolitida
NF;Neurofibromatóza
NHL;nehodgkinský lymfom
NK;buňky- přirození zabíječi (buňky)
NNH;vedlejší nosní dutiny
NNR;kůra nadledvin
NO;Oxid dusnatý
NS;nefrotický syndrom
NSPZL;nesteroidní protizánětlivé látky
NT;Neurotransmiter
OAE;otoakustické emise
ORL;orální rehydratační roztok
ORL;ušní, nosní, krční (otorhinolaryngologie)
p.c.;po početí (post conceptionen)
p.o.;ústy (perorální)
PAIR;punkce, aspirace, injekce, respirace
PB;Fenobarbital
pCO2;parciální tlak oxidu uhličitého v krvi
PCR;polymerázová řetězová reakce
PDA;perzistující aortální dučej
PECS;Výměnný obrázkový komunikační systém (Picture Exchange Communication System)
PEG;perkutánní endoskopická gastrostomie
PET;Pozitronová emisní tomografie
PHT;Fenytoin
PKU;fenylketonurie
PM;polymyozitida
PMG;Perimyelografie
PMR;Psychomotorická retardace
PNET;Primitivní neuroektodermální tumor
PNS;Periferní nervový systém
pO2;parciální tlak kyslíku v krvi
PSH;Henochova-Schönleinova purpura
PTCA;Perkutánní transluminární koronární angioplastika
PTH;Parathormon
PTT;parciální tromboplastinový čas
PWS;syndrom Praderův-Williho
RA;refrakterní anemie
RA;Rodinná anamnéza
RCM;restriktivní kardiomyopatie
RDS;Syndrom dechové tísně (respirátory distress syndrom)
RES;retikuloendotelový systém
RF;revmatický faktor
RIND;Reverzibilní ischemický neurologický defekt
RNA;Ribonukleová kyselina
RSV;respirační syncytiální virus
RTA;renální tubulární acidóza
RTG;Rentgen (=skiagram)
RVH;hypertofie pravé srdeční komory
RWS;Romanovcův-Wardův syndrom
SE;Status epileptici
SHT;lebeční a mozkové trauma
SIDS;syndrom náhlého úmrtí dítěte
SIRS;syndrom systémové zánětlivé odpovědi
SLE;systémový lupus etytematodes
SMA;protilátky proti hladké svalovině
SMA;Spinální svalová atrofie (spinal muscular atrophy)
SNE;Subakutní nekrotizující encefalopatie (Leighův syndrom)
SPECT;Fotonová emisní tomografie (single photon emission tomography)
SPOS;syndrom polycystického ovaria
STH;somatotropní hormon
SÚKL;Státní ústav pro kontrolu léčiv
T1/2;Biologický poločas eliminace
TBC;tuberkulóza
TEACCH;Terapie a vzdělávání děti s autizmem a jinými poruchami komunikace (Treatment and Education of Autistic and related Communication
TGA;Tranzitorní globální amnézie
TIA;Tranzitorní ischemická ataka
TIN;tubulointersticiální nefritida (zánět ledvin)
TK;tlak krve
TNF;tumor nekrosis faktor
TORCH;Skupina nitroděložních infekcí (toxoplazma, zarděnky, CMV, herpes)
TRH;tyreotropin uvolňující faktor
TSC;Tuberózní skleróza
TSH;tyreotropin stimulující faktor
V.a.;podezření na
VEP;vizuální evokované potenciály
VEP;Zrakové evokované potenciály
VIP;Vasoaktivní intestinální peptid
VLDL;lipoprotein velmi nízké hustoty
VNS;Vegetativní nervový systém
VOKS;Výměnný obrázkový komunikační systém
VPA;Valproát
VSD;defekt septa srdečních komor
VUR;vezikouretrální reflex (vracení moče z močového měchýře do močovodu)
VVV;Vrozená vývojová vada
VWF;von Willebrandův faktor
VZV;varicella zoster virus
WAGR;Wilmsův nádor, aniridie, urogenitální malformace, psychická retardace
WPW;Wolfův-Parkinsonův- Whiteův syndrom
WS;Westův syndrom
WWS;Wolkerův-Warburgův syndrom
z.A.;na závěr
ZS;Zellwegerův syndrom
A ; absorbance adenin alanin (též Ala)
alergie androgen androstendion Apgar;
 krevní skupina;
a. ; tepna (arteria)
a. h. ; alternis horis (každé dvě hodiny)
a. j. ; ante jentaculum (před snídaní)
a. m. ; ante meridiem (dopoledne) ante
mortem (před smrtí);
a. p. ; ante partum (před porodem) ante
prandium (před obědem);
a. popl. ; arteria poplitea
a. rad. ; arteria radialis
a. s. ; akce srdeční
A/G kvocient ; poměr albuminu ke globulinům
v lidské plasmě;
A1-AT, A1AT ; alfa 1-antitrypsin
A2C, A4C, A5C ; v dvourozměrné echokardiografii
používané zkratky pro apikální projekci;
se 2, 4 resp. 5 dutinami (tj. vč. aorty);
A2M ; alfa-2-makroglobulin
aa ; ana partes aequales, po stejných dílech
(užívá se na receptu) recesivní homozygot;
Aa ; heterozygot
A-a ; alveolo-arteriální
AA ; abirateron acetát adjuvantní artritida
(adjuvant induced arthritis ; modelové onemocnění
u potkanů) akrylamid akutní;
appendicitida alergologická (alergická);
anamnéza amyloidóza typu A anaplastický;
astrocytom Anderson-D’Alonzova;
klasifikace fraktur anonymní alkoholici;
 antagonisté aldosterolu antiandrogeny;
 antiarytmika aplastická anemie arachidonová;
kyselina (arachidonic acid);
atypický autismus autoimunitní adrenalitida;
 dominantní homozygot sekundární;
amyloidóza;
AA IPI ; věkově upravený mezinárodní
prognostický index (age-adjusted international;
prognostic index);
aa. ; arterie, množné číslo (arteriae)
AAA ; aneurysma břišní aorty (abdominal
aortic aneurysm) protilátky proti aktinu;
(anti-actin antibodies);
AAAAI ; Americká akademie alergie, astmatu
a imunologie (American Academy of;
Allergy, Asthma & Immunology);
AACAP ; American Academy of Child and
Adolescent Psychiatry;
AACE ; Americká asociace klinických endokrinologů
(American Association of Clinical;
Endocrinologists);
AACT ; Americká společnost klinické toxikologie
(American Association of Clinical;
Toxicology) α1-antichymotrypsin;
AAD ; akutní aortální disekce dostupná antiarytmika
(available antiarrhytmic drugs);
tryskový nebulizátor (adaptive aerosol delivery;
device);
AADC ; dekarboxyláza aromatických L-aminokyselin
(aromatic l-amino acid decarboxylase);
AADE ; Americká asociace diabetických
edukátorů (American Association of Diabetes;
Educators);
AaDO2 ; alveolo-arteriální diference kyslíku
aADTA ; anatomický ventrální distální tibiální
úhel (anatomical anterior distal tibial;
angle);
AAE ; získaný angioedém (acquired angioedema)
AAEM ; American Academy of Electrodiagnostic
Medicine (Americká akademie;
elektrodiagnostické;
medicíny) American;
Academy of Emergency Medicine (Americká;
akademie urgentní medicíny);
AAH ; afunkční adenom hypofýzy atypická
alveolární hyperplazie;
AAI ; ankle arm index jednodutinová síňová
kardiostimulace;
10;
aa-IPI ; age-adjusted international prognostic index
AAK ; aniridie asociovaná s keratopatií
AAL ; Active and Assisted Living (program zaměřený na podporu stárnoucí populace v samostatném životě) Automated Anatomic Labeling atlas (digitální aplikace)
AAM ; atikoantromastoidektomie
AAMI ; věkem podmíněná porucha paměti (age-associated memory impairment)
AAN ; Americká Asociace Neurologů, Americká akademie pro neurologii (American Academy of Neurology)
AANA ; Severoamerická artroskopická asociace (Arthroscopy Association of North America)
AANEM ; American Association of Neuromuscular & Electrodiagnostic Medicine (odborná společnost)
AANS ; American Association of Neurological Surgeons (odborná společnost)
AAOA ; atlantoaxiální artróza (atlantoaxial osteoarthritis)
AAOS ; American Academy of Orthopaedic Surgeons (odborná společnost)
AAP ; accumulation-associated protein Americká asociace pro parodontologii Americká pediatrická akademie (American Academy of Pediatrics) atypické antipsychotikum
AAPo ; aneurysma arteria poplitea
AAR ; antabus-alkoholová reakce počet přídavných analgetických požadavků (additional analgesic requests)
AARP ; American Association of Retired Person (asociace seniorů)
AAS ; androgenní anabolické steroidy atlantoaxiální subluxace average artifact subtraction
AASLD ; Americká asociace pro studium jaterních chorob (American Association for the Study of Liver Diseases)
AASM ; Americká akademie spánkové medicíny (American Academy of Sleep Medicine)
AASRS ; Adult ADHD Self-Report Scale (sebehodnotící škála pro dospělé s ADHD)
AAST ; Americká traumatologická společnost (American Association for the Surgery of Trauma)
AAT ; alfa1-antitrypsin atikoantrotomie
AATD ; deficit (deficience) alfa-1 antitrypsinu
AAU ; akutní přední uveitida (acute anterior uveitis)
AAV ; adenoasociované viry ANCA-asociované vaskulitidy
AAWR ; anti-androgen withdrawal response
Ab ; beta-amyloid (amyloid beta) protilátka (antibody)
AB ; abdukce abortus abusus lékový aktuální bikarbonát akutní bolest alfablokátor arteria basilaris arteria brachialis beta-amyloid (amyloid beta) bronchiální astma (asthma bronchiale) protilátka
AB im. ; hrozící potrat (abortus imminens)
ab. ; abdukce
ABA ; Americká popáleninová společnost (American Burn Association)
ABAC ; American Brain Attack Coalition (odborná společnost zaměřená na prevenci a léčbu cévních mozkových příhod)
ABAD ; amyloid vázající alkoholdehydrogenáza (amyloid-binding alcohol dehydrogenase)
ABBA ; druh přístupu ke štítné žláze (axillo-bilateral breast approach)
ABC ; abakavir (abacavir) aktivovaná B-buňka (activated B cell) vazebná kapacita protilátky (antibody binding capacity) argon beam koagulace (argon beam coagulation) ATP-vázající protein (ATP-binding cassette proteins) klasická mnemotechnická pomůcka při kardipulmonální resuscitaci: A = airways (dýchací cesty) B = breathing (dýchání) C = circulation (krevní oběh) komplex avidin-biotin (avidin-biotin complex) trias prevence přenosu HIV: abstinence, věrnost, kondom (abstain, be faithful, condomise)
ABCC ; amfotericin B cholesterylsulfát komplex (complex)
ABCD ; albinismus, černý pramen vlasů, porucha migrace buněk, hluchota (albinism, black lock, cell migration disorder, deafness)
11;
 koloidní disperze amfotericinu B (amphotericin B colloidal dispersion) rozšířený postup při kardiopulmonální resuscitaci (airways, breathing, circulation, defibrillation) soubor testů k vyšetřování poruch jazykových a komunikačních schopností (Arizona Battery for Communication Disorders in Dementia);
ABCG5 ; ATB binding cassette protein G5
ABC-like ; activated B-cell-like
ABCSG ; Austrian Breast and Colorectal Cancer Study Group (rakouská společnost pro studium karcinomu prsu a kolorektálního karcinomu)
abd. ; abdominální, abdomen abdukce, abdukční
ABD ; abdominální, abdomen abdukce, abdukční adynamická kostní choroba atypical brain development (atypický vývoj mozku)
ABE ; adenoidní bazální epiteliom (adenoid basal epithelioma) aktuální base excess (actual base excess)
AbESTT ; Abciximab in Emergent Stroke Treatment Trial (název studie)
ABF ; aortobifemorální
ABG ; air-bone gap arteriální krevní plyny autologous bone graft
ABI ; index kotník/paže, kotníkový tlakový index, poměr tlaku nad kotníkem a na paži (ankle-brachial index)
ABIL ; amfotericin B aplikovaný v intralipidu
ABL ; akutní bifenotypová leukemie protoonkogen kódující tyrosin-kinázu
ABLC ; lipidový komplex amfotericinu B (amphotericin B lipid complex)
ABLIP ; lipozomální amfotericin B
ABM ; alveolární bazální membrána
ABMA ; protilátky proti bazální membráně glomerulů a alveolů
aboral. ; aborální
ABP ; akutní bakteriální prostatitida androgen binding protein angled blade plate arteriální krevní tlak (arterial blood pressure) Asthma Bother Profile
ABPA ; alergická bronchopulmonální aspergilóza
ABPAP ; autotitrační přetlak v dýchacích cestách v režimu BPAP
ABPE ; atypická benigní parciální epilepsie
ABPI ; index kotníkových tlaků (ankle-brachial pressure index)
ABPM ; alergická bronchopulmonární mykóza ambulantní monitorace krevního tlaku (ambulatory blood pressure monitoring)
ABR ; acidobazická rovnováha akustické kmenové evokované potenciály (auditory brainstem response)
Abs ; protilátky (antibodies)
ABS ; Antleyův-Bixlerův syndrom syndrom amniových pruhů (amniotic band syndrome)
absGFR ; absolutní rychlost glomerulární filtrace (absolute glomerular filtration rate)
ABSI ; Abbreviated Burn Severity Index (zkrácený index závažnosti popálenin)
ABSIS ; Autoimmune Bullous Skin Disorder Intensity Score (hodnotící skóre pro pemfigus)
ABU ; American Board of Urology (Americká urologická společnost) asymptomatická bakteriurie
ABVD ; chemoterapeutický režim (adriblastin + bleomycin + vinblastin + dacarbazin)
ABW ; adjusted body weight aktuální tělesná hmotnost (actual body weight)
ABZ ; albendazol
AC ; abdominální obvod plodu (abdominal circumference) adenokarcinom (adenocarcinoma) adenylyl cykláza (adenylyl cyclase) akromioklavikulární kloub (acromioclavicularis) aktivní (active) aktivní celiakie amniocentéza antikoagulační (anticoagulation) atypický karcinoid (atypical carcinoid) podpůrný ventilační režim (assist control) přední cingulum (anterior cingulum) přední komisura (commisura anterior) přední komora oka (anterior chamber)
AC dex. ; arteria coronaria dextra
AC sin. ; arteria coronaria sinistra
AC skl. ; akromioklavikulární skloubení
ac. ; acidum (kyselina) akutní (acutus)
A/C ; asistovaný/řízený (assist/control)
12;
AC-IOL ; předněkomorová umělá nitrooční čočka (anterior chamber intraocular lens)
ACA ; acetylsalicylová kyselina (acetylsalicylic acid) acrodermatitis chronica atrophicans adenokarcinom (adenocarcinoma) Americká kardiologická společnost (American Cardiology Society) aminocefalosporanová kyselina (7-aminocephalosporanic acid) anticentromerová autoprotilátka (anti-centromere antibody) antikardiolipinová protilátka (anti-cardiolipin antibodies) arteria cerebri anterior protilátky proti kůře nadledvin (adrenal cortex antibodies)
AcAc ; kyselina acetoctová (acetylacetonate)
ACAS ; Asymptomatic Carotid Atherosclerosis Study (název studie)
ACAT ; acyl-CoA-cholesterolacyltransferáza
ACB;CABG 
ACBA ; Acinetobacter baumannii
ACBD ; Acyl-CoA-binding protein
ACC ; acetyl-CoA-karboxyláza (acetyl-CoA carboxylase) acinar cell carcinoma adenoidně cystický karcinom (adenoid cystic carcinoma) ageneze corpus callosum Americká kardiologická společnost (American College of Cardiology) anteriorní cingulární kortex (anterior cingulate cortex) arteria carotis communis
ACCA ; arteria cerebri communicans anterior (arteria communicans anterior)
ACCCM ; American College of Critical Care Medicine (odborná společnost)
ACCELERATE ; Study of Evacetrapib in High-Risk Vascular Disease (název studie)
ACCESS ; Acute Candesartan Cilexetil Evaluation in Stroke Survivors (název studie)
ACCIS ; Automated Childhood Cancer Information System
ACCOMPLISH ; Avoiding Cardiovascular Events through Combination Therapy in Patients Living with Systolic Hypertension (název studie)
ACCORD ; Action to Control Cardiovascular Risk in Diabetes (název studie)
aCCP ; protilátka proti cyklickému citrulinovanému peptidu (cyclic citrullinated peptide antibody)
ACCP ; Americká společnost hrudních lékařů (American College of Chest Physicians) arteria communicans cerebri posterior (arteria communicans posterior)
ACCR ; amylase creatinine clearance ratio
ACD ; active coeliac disease anemie chronických chorob (anemia of chronic disease) hloubka přední oční komory (anterior chamber depth) kyselina citronová s dextrózou (acidum citricum, dextrose) pravá koronární tepna (arteria coronaria dextra)
ACDF ; přední krční diskektomie a fúze (anterior cervical discectomy and fusion)
AC-doxo ; chemoterapeutický režim (adriblastin + cyklofosfamid-docetaxel)
ACE ; acetylcholin esteráza Addenbrookský kognitivní test (Adenbroek Cognitive Examination) American College of Endocrinology angiotenzin konvertující (converting) enzym arteria carotis externa
ACE-I, ACEI ; inhibitor angiotenzin konvertujícího enzymu (angiotensin converting enzyme inhibitor)
ACER ; revidovaný Addenbrookský kognitivní test (Addenbrooke’s Cognitive Examination Revised)
ACES ; Asymptomatic Carotid Emboli Study (název studie)
acetyl‑CoA ; acetyl-koenzym A (acetyl coenzyme A)
ACG ; gyrus cinguli anterior (anterior cingulate gyrus)
ACGME ; Accreditation Council for Graduate Medical Education (akreditační komise pro lékařské předatestační vzdělávání)
ACI ; aciklovir arteria carotis interna autologní chondrocytární implantát (autologous chondrocyte implantation)
ACIF ; antikomplementární imunofluorescence (anti-complement immunofluorescence)
ACIP ; Národní imunizační výbor v USA (Advisory Committee on Immunization Practices)
13;
ACJ ; akromioklavikulární kloub (acromioclavicular joint)
ACKD ; získané cystické onemocnění ledvin (acquired cystic kidney disease)
ACl ; akromioklavikulární (acromioclavicular)
ACL ; přední zkřížený vaz (anterior cruciate ligament)
ACLA ; antikardiolipinová protilátka (anti-cardiolipin antibody)
ACLD ; acinic cell-like differentiation
ACM ; střední mozková tepna (arteria cerebri media)
ACMAP ; amplituda sumačního svalového akčního potenciálu (amplitude of compound muscle action potential)
aCML ; atypická chronická myeloidní leukemie
A/CMV ; asistovaná/řízená umělá ventilace (assist/control mandatory ventilation)
ACO2R ; arteriovenózní eliminace CO2 (arterio-venous CO2 removal)
ACoA ; arteria communicans anterior
ACOG ; Americká společnost gynekologů a porodníků (American College of Obstretician and Gynecologists, resp. American Congress of Obstetricians and Gynecologists)
ACoP ; arteria communicans posterior
ACORD ; Anaemia Correction in Diabetes (název studie)
ACP ; acyl carrier protein acylpyrin akutní cor pulmonale American College of Physicians (Americká internistická společnost) antegrádní cerebrální perfuze (antegrade cerebral perfusion) arteria cerebri posterior kyselá fosfatáza (acid phosphatase)
ACPA ; protilátky proti citrulinovaným peptidům (anti-citrullinated protein antibody)
AC-pacli ; chemoterapeutický režim (adriblastin + cyklofosfamid-paclitaxel)
ACQ ; dotazník kontroly nad astmatem (Asthma Control Questionnaire)
ACR ; akutní buněčná rejekce (acute cellular rejection) Americká revmatologická společnost (American College of Rheumatology) arteria centralis retinae poměr albumin-kreatinin (albumin-creatinine ratio)
ACRN ; Asthma Clinical Research Network
ACS ; akutní koronární syndrom (acute coronary syndrome) Americká onkologická společnost (American Cancer Society) arteria cerebelli superior arteria coronaria sinistra asymptomatická stenóza vnitřní karotidy (asymptomatic carotid stenosis) autologní kondiciované sérum (autologous conditioned serum) břišní kompartmentový syndrom (abdominal compartment syndrome)
ACSM ; Americká společnost pro sportovní medicínu (American College of Sports Medicine)
ACST ; Asymptomatic Carotid Stenosis Trial (název studie)
ACT ; aktivovaný koagulační (activated clotting/coagulation time) alfa1-antichymotripsin anaplastický karcinom (anaplastic carcinoma) test kontroly astmatu (Asthma Control Test)
ACTA ; alfa-aktin
ACTH ; adrenokortikotropní hormon, kortikotropin (adrenocorticotropic hormone)
ACTIVE ; Atrial Fibrillation Clopidogrel Trial with Irbesartan for Prevention of Vascular Events (název studie)
ACTS ; Advisory Committee on Toxic Substance
ACUP ; adenokarcinom neznámého původu (adenokarcinoma of unknown primary)
ACURASYS ; fr. ARDS et Curarisation Systématique (název studie)
ACUS ; amputatio corporis uteri supracervicalis
ACUTE ; Analysis of Coronary Ultrasound Thrombolysis Endpoints in Acute Myocardial Infarction (název studie)
ACV ; aktivní cvičení
ACVRL ; aktivin receptoru podobná kináza (activin A receptor type II like kinase)
ACY ; acyklovir
acyanot. ; acyanotický
AD ; Addisonova choroba adenosin air detector (převodník) Alzheimerova choroba (Alzheimer disease) analog-digital antidekubitní antidepresiva aterogenní dyslipidemie atopická dermatitida atrezie duodena autonomní dysfunkce autonom14
ní dysreflexie autozomálně dominantní (dědičnost) axial diffusivity destilovaná voda (aqua destilata) do, k porucha ranné citové vazby dětí (attachment disorder);
ad. ; addukce
ad bacter ; na bakteriologické vyšetření
AD SCA ; autozomálně dominantní spinocerebelární ataxie
ADA ; adalimumab adenosindeamináza Americká dentální asociace (American Dental Association) Americká diabetologická asociace (American Diabetes Association) protilátky pro lékům (anti-drug antibodies)
ADAM ; androgen decline in aging male (pokles androgenů u stárnoucích mužů) Anti-Doping Administration and Management System (databázový systém světové antidopingové agentury) Automated Defibrillators in Adam’s Memory (název studie) metaloproteináza (A Disintegrin and Metalloproteinase)
ADAMS ; Aging, Demographics, and Memory Study (název studie)
ADAMT ; disintegrin a metaloproteináza s trombospondinem (A Disintegrin and Metalloproteinase with Thrombospondin)
ADAR ; adenosine deaminase acting on RNA
ADAS ; Alzheimer’s Disease Assessment Scale
ADC ; AIDS-dementia complex antibody-drug conjugate kvocient zjevné difuze (apparent diffusion coefficient)
ADCA ; autozomálně dominantně dědičná cerebelární ataxie (autosomal dominant cerebellar ataxia)
ADCADN ; autozomálně dominantní spinocerebelární ataxie s hluchotou a narkolepsií (autosomal dominant cerebellar ataxia, deafness, and narcolepsy)
ADCC ; buněčná cytotoxicita závislá na protilátkách (antibody dependent cellular cytotoxicity, antibody-dependent cell-mediated cytotoxicity)
ADD ; addukce syndrom deficitu pozornosti bez hyperaktivity (attention deficit disorder)
add. ; addukce, addukční
ADD/ADHD ; syndrom poruchy pozornosti a hyperaktivity (attention deficit disorder/attention deficit hyperactivity disorder)
adde ; přidej (lat.)
addiTiON ; Anglo-Danish-Dutch Study of Intensive Treatment in People with Screen-Detected Diabetes in Primary Care (název studie)
ADD-RT ; porucha pozornosti, reziduální typ (attention deficit disorder, residual type)
ADDT ; Auditory Description Decision Task (slovní test užívaný při vyšetření epilepsie fMRI)
ADDTC ; Diagnostické a léčebné centrum pro Alzheimerovu nemoc (Alzheimer’s Disease Diagnostic and Treatment Centers)
ADE ; adnexektomie
ADEAF ; autosomal dominant epilepsy with auditory features
ADEC ; Australian Drug Evaluation Committee
ADEM ; akutní diseminovaná (demyelinizační) encefalomyelitida (acute demyelinating encephalomyelitis)
ADEMEX ; Adequacy of Peritoneal Dialysis in Mexico (název studie)
ADENO ; adenovirus
adenoca ; adenokarcinom
ADF ; adenosindisfosfát
ADFLE ; autozomálně dominantní noční frontální epilepsie (autosomal dominant [nocturnal] frontal lobe epilepsy)
ADH ; alkoholdehydrogenáza antidiuretický hormon, vasopresin atypická duktální hyperplazie autozomální dominantní hypokalemie
ADHD ; hyperaktivita s poruchou pozornosti (attention deficit hyperactivity disorder)
ADHERE ; registr akutního dekompenzovaného srdečního selhání (Acute Decompensated Heart Failure National Registry)
ADHS ; dispoziční škála naděje (Adult Dispositional Hope Scale)
ADI ; agregovaný desaturační index akceptovatelný denní příjem (acceptable daily intake) Alzheimer’s Disease International (federace společností zaměřených na Alzhei15
merovu chorobu) atlantodentální interval Autism Diagnostic Interview (dotazník);
ADIOL ; androstendiol
ADION ; androstendion
ADIPOQ ; adiponektin
ADL ; aktivity denního života (activities of daily living) aterogenní dyslipidemie
ADLGMD ; autozomálně dominantní pletencová muskulární dystrofie (autosomal dominant limb-girdle muscular dystrophy)
ADM ; abductor digiti minimi acellular dermal matrix adrenomedulin amyopatická dermatomyozitida
ADM/IFO ; adriblastin+ifosfamid
ADMA ; asymetrický dimethylarginin
ADN ; adiponectin
ADNFLE ; frontální epilepsie s autozomálně dominantní dědičností (autosomal dominant nocturnal frontal lobe epilepsy)
ADNI ; Alzheimer’s Disease Neuroimaging Initiative (mezinárodní sdružení expertů)
ADO ; index předpovídající tříletou úmrtnost u pokročilé CHOPN (Age-Dyspnea-Obstruction)
ADOPT ; A Diabetes Outcome Progression Trial (název studie)
ADOS ; Autism Diagnostic Observation Schedule
ADP ; adenosindifosfát (adenosine diphosphate) agentura domácí péče arteria dorsalis pedis
ADPKD ; autozomálně dominantní polycystická choroba ledvin (autosomal dominant polycystic kidney disease)
ADPN ; adiponektin
ADPT ; adenom příštítného tělíska
aDPTA ; anatomický dorzální proximální tibiální úhel (anatomic dorsal proximal tibial angle)
ADQI ; Acute Dialysis Quality Initiative group
ADR ; adenoma detection rate
ADRB2 ; beta 2-receptor (adrenergic receptor beta-2)
ADRC ; Alzheimer’s Disease Research Centre (výzkumné centrum)
ADRDA ; Alzheimer’s Disease and Related Disorders Association (odborná společnost)
ADRQL ; Alzheimer Disease-Related Quality of Life (hodnotící škála kvality životy osob s Alzheimerovou chorobou)
ADRV-N ; new adult diarrhoea virus (nový virus průjmu dospělých, druh rotaviru)
ADS ; škála závislosti na alkoholu (Alcohol Dependence Scale)
ADSC ; tuková tkáň získaná z kmenových buněk (adipose-derived stem cells)
ADSF ; adipose tissue-specific secretory factor
ADT ; androgenní deprivační léčba (androgen deprivation therapy)
AdTS ; adsorptivní přenosová technika (adsorptive transfer stripping)
ADU ; anesthesia delivery unit (přístrojová jednotka pro aplikaci anestezie)
AdV ; adenoidní vegetace
ADV ; Antidopingový výbor
ADVANCE ; Action in Diabetes and Vascular Disease Controlled Evaluation (název studie)
ADVS ; Activities of Daily Vision Scale
Adx ; adrenodoxin
ADX ; adrenalektomie (adrenalectomy) adrenodoxin
AE ; adnexektomie adrenalektomie akutní exacerbace alveolární echinokokóza anion exchanger antiepileptikum appendektomie atopický ekzém nezávažný nežádoucí účinek (adverse event)
AEA ; antiendomysiální protilátky (anti-endomysial antibodies) ethmoidalis anterior N-arachidonoylethanolamin, anandamid
AEB ; Arndtův endobronchiální blokátor
AECA ; antiendoteliální protilátky (anti-endothelial cell antibodies)
AECB ; akutní exacerbace chronické bronchitidy
AECC ; American-European Consensus Conference (Committee)
AED ; anti-epileptic drugs (antiepileptika) automatický (automatizovaný) externí defibrilátor
aEEG ; amplituda EEG aktivity
AEF ; látka urychlující vznik amyloidu (amyloid enhancing factor)
16;
AECHOCHP ; akutní exacerbace chronické obstrukční choroby plic
AEIPF ; akutní exacerbace idiopatické plicní fibrózy
AEK ; agistilkoexcentrická kontrakce
AEP ; akutní eozinofilní pneumonie (acute eosinophilic pneumonia) antiepileptikum sluchové evokované potenciály (auditory evoked potentials)
aer. ; aerosol
AER ; aerosol rychlost exkrece albuminu (albumin excretion rate)
AERD ; aspirinem exacerbované onemocnění dýchacích cest (aspirin-exacerbated respiratory disease)
AES ; Ankle Evolutive System Společnost pro nemoci z nadbytku androgenů (Androgen Excess Society)
AESOP ; automated endoscopic system for optimal positioning
AET ; antiendotoxinová terapie ektopická síňová tachykardie (atrial ectopic tachycardia)
Aex ; plocha pod výdechovou částí křivky průtok-objem
AF ; alkalická fosfatáza amaurosis fugax arteria femoralis arteria fibularis atriální fibrilace atrofický faktor atypical fibroxanthoma autofluorescence
A-F ; aortofemorální
AF(S) ; arteria femoralis (superficialis)
AFABP ; adipocyte fatty acid-binding protein
AFB ; autofluorescenční bronchoskopie
AFC ; arteria femoralis communis N-acetyl-S-farnesyl-L-cystein počet antrálních folikulů (antral follicle count) psychologický test (Alternative Forced Choice)
AFFIRM ; Natalizumab Safety and Efficacy in Relapsing-Remitting Multiple Sclerosis (název studie)
AFH ; angiomatoidní fibrózní histiocytom
AFI ; index množství plodové vody (amniotic fluid index) arteria fibularis
AFLP ; akutní steatóza jater v těhotenství (acute fatty liver of pregnancy) restrikční metoda k analýze polymorfismu v genomové DNA (amplified fragment length polymorphism)
AFM ; celkový tuk ve vyšetřované oblasti břicha (abdominal fat mass) fr. Association Française contre les Myopathies (francouzská asociace proti myopatiím) mikroskop atomárních sil (atomic force microscopy)
AFNI ; Analysis of Functional NeuroImages software
AFO ; hlezenní ortéza, ortéza na hlezno a chodidlo (ankle-foot orthosis)
AFOP ; akutní fibrinózní a organizující se pneumonie
AFP ; alfa-fetoprotein arteria femoralis profunda (arteria profunda femoris)
AFS ; American Fertility Society (Americká společnost pro fertilitu) antifosfolipidový syndrom arteria femoralis superficialis
AFSSAPS ; fr. Agence Française de Securite Sanitaire des Produits de Santé (francouzská agentura pro zdravotní bezpečnost)
AFX ; atypical fibroxanthoma
Ag ; antigen chem. značka stříbra (argentum)
AG ; aminoglykosidy androgenitální syndrom angiogeneze angiografie aniontová mezera (anion gap) arteriografie atrofická gastritida autoimunní gastritida
AGA ; alergická granulomatózní angiitida androgenní alopecie antigliadinové protilátky (anti-gliadin antibodies) eutrofický novorozenec (appropriate for gestational age 
AGAPP ; skupina zabývající se problematikou vztahu genové výbavy k účinku léků (Evaluation of Genomic Applications in Practice and Prevention)
AGC ; atypické žlázové buňky (atypical glandular cells)
AGC-FN ; atypické endocervikální/endometriální buňky nejspíše nádorové (atypical glandular cells favor neoplastic)
AGC-NEO ; žlázové buňky spíše neoplastického původu (atypical glandular cells favour neoplastic)
AGC-NOS ; atypické žlázové buňky (atypical glandular cells not otherwise specified)
17;
AGD ; demence s argyrofilními zrny (argyrophilic grain disease)
AGDT ; něm. Arbeitsgemeinschaft Diabetologische Technologie (pracovní skupina pro technologie v diabetologii)
AGE ; pozdní produkty glykace (advanced glycation end products) tepenná plynová embolie (arterial gas embolism)
AGEP ; akutní generalizovaná exantematózní pustulóza
AgGF ; angiogenetic growth factor
AGI ; inhibitory alfa-glukosidázy (alpha-glucosidase inhibitors)
AGID ; autoimmune gastrointestinal dysmotility
AGMT ; něm. Arbeitsgemeinschaft Medikamentöse Tumortherapie (pracovní skupina pro onkologickou farmakoterapii)
AGN ; akutní glomerulonefritida
AGNB ; aerobní gramnegativní bakterie
AG-NOS (AGC-NEO) ; atypické žlázové buňky blíže nespecifikované (atypical glandular cells not otherwise specified)
AGNP ; něm. Arbeitsgemeinschaft für Neuropsychopharmakologie und Pharmakopsychiatrie (pracovní skupina pro neuropsychofarmakologii a farmakopsychiatrii)
aGnRH ; analog (agonista) GnRH
AGO ; protein, genová rodina (argonaut)
AGP ; ambulantní glukózový profil (ambulatory glucose profile) α1-kyselý glykoprotein (α1-acid glycoprotein)
AGR ; přídatný genový regulátor (accessory gene regulator) antigravitační relaxace
AGRN ; agrin (označení genu)
AgRP ; agouti-related peptide
AGS ; adrenogenitální syndrom Aicardiho-Goutièresův syndrom
AGT ; alanin-glyoxalát aminotransferáza
AGUS ; atypické buňky glandulárního typu nejasné závažnosti (atypical glandular cells of undetermined significance)
aGVHD ; acute graft-versus-host disease
aH ; antrum Highmori
AH ; abdominální hysterektomie alkoholická hepatitida arteriální hypertenze asistovaný hatching autoimunitní hypofyzitida
AH2R ; antagonista H2 receptorů
AHA ; Americká kardiologická asociace (American Heart Association) autoimunitní hemolytická anemie
AHA/ASA ; American Heart Association/American Stroke Association
AHA/NHLBI ; American Health Association/National Heart, Lung and Blood Institute (vědecká instituce v USA)
AHC ; akutní hemoragická konjunktivitida (conjunctivitis) alternující hemiplegie v dětství (alternating hemiplegia of childhood) vrozená adrenální hypoplazie (adrenal hypoplasia congenita)
aHCO3 ; aktuální bikarbonáty
aHCV ; protilátky proti hepatitidě typu C
AHD ; akutní hemodialýza
AHE ; akutní hemoragická encefalomyelitida amygdalohipokampektomie
AHEM ; Acta hygienica, epidemiologica et microbiologica (časopis)
AHF ; antihemofilický faktor, koagulační faktor VIII
AHG ; antihemofilický globulin, koagulační faktor VIII antihumánní globulin (anti-human globulin)
AHI ; acetabulum head index apnoe-hypopnoe-index
AHK ; amygdalohipokampální komplex
AHL ; N-acylhomoserine lacton
AHLE ; akutní hemoragická leukoencefalopatie
AHO ; agresivní hemangiom obratle
AHP ; akutní hemoragická pankreatitida arteria hyaloidea persistens
Ahr, AHR ; akutní humorální rejekce arylhydrokarbonový receptor
AHRF ; akutní hypoxické respirační selhání (acute hypoxemic respiratory failure)
AHRQ ; Agency for Health Care Research and Quality
AHSG ; α2-Heremansův-Schmidtův glykoprotein
AHT ; antihypertenziva
aHUS ; atypický hemolyticko-uremický syndrom
AHY ; abdominální hysterektomie
ACh, ACH ; acetylcholin Alzheimerova choroba
18;
A-CH ; aero-chamber
ACHE ; acetylcholinesteráza
ACHEI ; inhibitory acetylcholinesterázy (acetylcholinesterase inhibitor)
AChR, ACHR ; acetylcholinový receptor
AChR Ab, ACHR ; protilátky proti acetylcholinovým receptorům
AI ; adrenální insuficience, adrenokortikální nedostatečnost (adrenocortical insufficiency) akromion index aortální insuficience arousal index arteria iliaca aterogenní index inhibitor aromatázy (aromatase inhibitor) počet apnoí za hodinu (apnoe index) umělé oplodnění (artificial insemination)
A-I ; aortoilický
AIA ; aspirinem vyvolané astma (aspirin induced asthma)
AIBL ; Australian Imaging, Biomarker & Lifestyle Study of Ageing (název studie)
AIBN ; azobisizobutylonitril
AIC ; Akaikovo informační kritérium (Akaike information criterion) arteria iliaca communis
AICA ; přední dolní mozečková tepna (anterior inferior cerebellar artery)
AICD ; aktivace indukované buněčné smrti (activation-induced cell death) automatický implantabilní kardioverter-defibrilátor (automatic implantable cardioverter defibrillator)
AICDA ; activation-induced cytidine deaminase
AID ; alpha interaction domain umělé oplodnění (inseminace) spermatem dárce (artificial insemination by donor)
AIDP ; akutní zánětlivá demyelinizační polyneuropatie (acute inflammatory demyelinating polyneuropathy)
AIDS ; syndrom získané imunodeficience (acquired immune deficiency syndrome)
AIE ; arteria iliaca externa autoimunitní enteropatie
AIEOP ; italská Asociace pediatrické hematologie a onkologie (Associazione Italiana Ematologia Oncologia Pediatrica)
AIF ; apoptózu indukující faktor (apoptosis inducing factor)
AIFP ; Asociace inovativního farmaceutického průmyslu
AIFR ; adequate initial fluid resuscitation
AIH ; autoimunitní hepatitida umělé oplodnění spermatem manžela (artificial insemination by husband)
AIHA ; autoimunitní hemolytická anemie
AII ; angiotenzin II arteria iliaca interna
AIIA ; antagonisté angiotenzinu II (angiotensin II antagonists)
AIIS ; spina iliaca anterior inferior (anterior inferior iliac spine)
AIJ ; akutní iktová jednotka
AILD ; angioimunoblastická lymfadenopatie s dysproteinemií
AIM ; Abatacept in Inadequate Responders to Methotrexate (název studie) akutní infarkt myokardu American Institute of Medicine (lékařská škola na Seychelách) anesteziologie a intenzivní medicína
AIMAH ; ACTH-independentní bilaterální nodulární hyperplazie
AIMDD ; Active Implantable Medical Devices
AIMS ; Abnormal Involuntary Movement Scale Advanced Individual Mobility Scale
AIN ; akutní intersticiální nefritida anální intraepiteliální neoplazie
AINS ; poškození čistě motorického nervus interosseus antebrachii anterior (anterior interosseous nerve syndrome)
AIO ; systém parenterální výživy (all in one)
AION ; přední ischemická neuropatie optiku (anterior ischemic optic neuropathy)
AIP ; akutní intermitentní porfyrie akutní intersticiální pneumonie aterogenní index plasmy autoimunitní pankreatitida
AIR ; aminoimidazolribonukleotid vzduch (air)
AIRD ; autoimunitní zánětlivé revmatické onemocnění (autoimmune inflammatory rheumatic disease)
AIRE ; autoimunitní regulátor (autoimmune regulator)
AIREN ; fr. Association Internationale pour la Recherche et l’Enseignement en Neurosciences (mezinárodní asociace pro neurovědní výzkum)
19;
AIS ; Abbreviated Injury Scale (zkrácená škála poranění) adenokarcinom in situ (adenocarcinoma in situ) alveolo-intersticiální syndrom klasifikace míšních lézí (ASIA Impairment Scale) syndrom androgenní insenzitivity (androgen insensitivity syndrome)
AISLP ; Automatizovaný informační systém léčivých přípravků registrovaných v ČR a SR (databáze)
AIT ; alergenová imunoterapie amiodaronem indukovaná tyreotoxikóza autoimunitní tyreoiditida
AITD ; autoimunitní tyreoiditida (autoimmune thyreoid disease)
AITFL ; anterior inferior tibiofibular ligament
AITP ; autoimunitní trombocytopenická purpura
AIVR ; akcelerovaný idioventrikulární rytmus
AJ ; adherentní spoj (adhesive joint) reflex Achillovy šlachy (ankle jerk)
AJCC ; Americký lékařský výbor pro léčbu rakoviny (American Joint Committee on Cancer)
AJS ; akutní jaterní selhání
AJST ; akutní jaterní selhání vedoucí k transplantaci
AK ; akantamébová keratitida akreditační komise alveolokapilární membrána aminokyselina antikoncepce arkuátní keratotomie atriální katétr autokeratometr
ak. ; akutní
AKA ; alkoholická ketoacidóza
AKAP ; A-kinase anchoring protein
AKB ; aorto koronární bypass
AKG ; akutní koronarografie angiokardiografie
AKI ; akutní končetinová ischemie akutní koronární insuficience akutní renální selhání (acute kidney injury) alergologie a klinická imunologie
AKIN ; Acute Kidney Injury Network
AKK ; apokrinní karcinom kůže
AKM ; alveolokapilární membrána
AKP ; adenokarcinom pankreatu adenokarcinom prostaty arteriální krevní plyny
AKS ; akutní koronární syndrom American Knee Society (odborná společnost)
AKT, akt ; proteinkináza B (AK 
akt. ; aktivní (např. onemocnění) aktuální (např. obtíže)
AKU ; alkaptonurie
AL ; adductor longus akutní leukemie amyloidóza s depozity z lehkých řetězců (primární amyloidóza) anamnestický list anterolaterální arteria lienalis aseptic loosening (aseptické uvolnění totální endoprotézy) koronární katétr (Amplatz Left) levé ucho (auris laeva) osová délka oka (axial length)
Ala ; alanin
ALA ; alaptid α-linolenová kyselina (alpha linolenic acid) δ-aminolevulová kyselina (aminolevulinic acid)
ALA DD ; deficience ALA dehydratázy (ALA dehydratase deficiency)
ALAD ; ALA-dehydratáza
ALARA ; tak nízké, jak lze rozumně dosáhnout (as low as reasonably achievable)
ALAS ; syntáza d-aminolevulové kyseliny (aminolevulinic acid synthase)
ALAX ; v dvourozměrné echokardiografii používaná zkratka pro apikální projekci v dlouhé ose (apical long axis)
ALB ; ambulance léčby bolesti
ALBS-V ; gradient albuminu sérum-výpotek
ALC ; absolutní počet lymfocytů (absolute lymphocyte count) acetyl-L-karnitin (carnitine) alcian alkuronium
ALCA ; anomální levá věnčitá tepna (anomalous left coronary artery)
ALCL ; anaplastický velkobuněčný lymfom (anaplastic large cell lymphoma)
ALCOVE ; Alzheimer Cooperative Valuation in Europe
ALD ; adrenoleukodystrofie aldoláza alkoholdehydrogenáza alkoholické onemocnění jater (alcoholic liver disease) Alzheimerova nemoc (demence) průměr lumen dýchacích cest (airway lumen diameter)
aLDFA ; anatomický laterální distální femorální úhel
20;
ALDH ; acetaldehyddehydrogenáza aldehyddehydrogenáza
ALDO ; aldosteron
ALDP ; adrenoleukodystrophy protein (peroxizomální membránové proteiny typické pro adrenoleukodystrofii)
ALDR ; aldózoreduktáza
ALE ; activation likelihood estimation/anatomical likelihood estimation (odhady pravděpodobnosti při mapování mozku)
ALERT ; Assessment of Lescol in Renal Transplant (název studie)
alfa-DG ; alfa-dystroglykan
ALFSG ; Adult US Acute Liver Failure Study Group
ALG ; alergologie antilymfocytární globulin
ALH ; atypická lobulární hyperplazie (v prsní žláze)
ALI ; akutní končetinová ischemie (acute limb ischemia) akutní poškození plic (acute lung injury)
ALIF ; přední bederní meziobratlová fúze (anterior lumbar interbody fusion)
ALiL ; akutní poškození jater (acute liver injury)
ALIP ; fenomén abnormální lokalizace nezralých prekurzorů (altered localization of immatured precursers)
ALK ; kináza anaplastického lymfomu (anaplastic lymphoma kinase) argon laserová koagulace
ALL ; akutní lymfoblastická leukemie
ALLHAT ; Antihypertensive and Lipid-Lowering Treatment to Prevent Heart Attack Trial (název studie)
ALLI ; akutní končetinová ischemie (acute lower limb ischemia)
ALLO ; atypický, legionele podobný organismus (atypical legionella-like organism)
alloHSCT, alloSCT ; alogenní transplantace [krvetvorných] kmenových buněk (allogeneic [hematopoietic] stem cells transplantation)
ALM ; akrolentiginózní melanom
ALMS ; Aspreva Lupus Management Study (název studie)
ALN ; alendronát
ALND ; disekce axilárních lymfatických uzlin (axillary lymph node dissection)
ALO ; actinomyces-like organism
ALOS ; průměrná délka ošetřovací doby (average length of stay)
ALP ; akutní lupusová pneumonie alkalická fosfatáza (alkaline phosphatase)
ALPI ; adjunctive argon laser peripheral iridoplasty
ALPINE ; Antihypertensive Treatment and Lipid Profile in a North of Sweden Efficacy Evaluation
ALPP ; abdominal leak point pressure (nitrobřišní lak, při kterém začne unikat moč) dětská léčebna pohybových poruch
ALPPS ; associating liver partition and portal vein ligation for stage hepatectomy (typ hepatektomie)
ALPS ; autoimunitní lymfoproliferační syndrom (autoimmune lymphoprolipheration syndrome)
ALPSA ; anterior labrum periosteal sleeve avulsion (avulze glenoidálního labra)
ALS ; amyotrofická laterální skleróza (amyotrophic lateral sclerosis) antilymfocytární sérum autoimunitní lymfoproliferační syndrom rozšířená (dosl. pokročilá) resuscitace prováděná lékařem (advanced life support)
ALSPAC ; Avon Longitudinal Study Parents and Children (název studie)
ALT ; alaninaminotransferáza antileukotrieny
alt. dieb. ; obden (alternis diebus)
alt. hor. ; každé dvě hodiny (alternis horis)
alt. noct. ; každou druhou noc (alterna nocte)
ALTA ; Albuterol for the Treatment of ALI (název studie)
ALTE ; život ohrožující stavy (apparently life threatening events 
ALTITUDE ; Aliskiren Trial in Type 2 Diabetes Using Cardio Renal Endpoints (název studie)
Alu ; rozpoznávací sekvence pro restrikční enzym AluI (AGCT)
alv., alveol. ; alveolární (např. dýchání)
ALWC ; astma pod dobrou kontrolou (at least well-controlled asthma)
21;
AM ; adrenomedulin alveolární makrofágy amniová membrána amygdala anteromediální antromastoidektomie arteficiální mydriáza krátkozraký, myopický astigmatismus (astigmatismus myopicus)
AMA ; Americká lékařská asociace (American Medical Association) antimitochondriální protilátky (antibodies) proti doporučení lékaře (against medical advise)
AMACR ; alfa-methylacyl-CoA racemáza
AMA-cz ; Asociace mammodiagnostiků ČR
AMAG ; autoimunitní metaplastická atrofizující gastritida
AMAN ; akutní motorická axonální neuropatie
AMB ; ambulance amfotericin B
amb. ; ambulance, ambulantní (léčba)
AMB. GYN. ; ambulantní gynekolog
AMBITION ; Actemra Versus Methotrexate Double-Blind Investigative Trial in Monotherapy (název studie)
AMBP ; adrenomedulin vázající protein (adrenomedullin binding protein)
AMC ; AIDS Malignancy Consortium amniocentéza amoxicilin + kyselina klavulanová (amoxicillin/clavulanic acid)
AMCA ; kyselina tranexamová (7-amino-4-methyl-3-coumarinylacetic acid)
AMD ; věkem podmíněná makulární degenerace (age-related macular degeneration)
AMDA ; Americká asociace medicíny dlouhodobé péče (Society for Post-Acute and Long-Term Care Medicine)
AME ; antromastoidektomie zdánlivý nadbytek mineralokortikoidů (apparent mineralocorticoid excess)
AMegL ; akutní megakaryoblastová leukemie
AMF ; amfotericin anti-Müllerický hormon (zde: faktor)
AMG ; amalgam aminoglykosidy akceleromyograf(ie)
AMH ; antimüllerický hormon asymptomatická mikroskopická hematurie
AMI ; acute mesenteric ischemia akutní infarkt myokardu (acute myocardial infarction) amikacin arteria mesenterica inferior
AMIC ; autologní matrix-indukovaná chondrocytogenéza
AMINO ; aminofyllin
AMIS ; přední miniinvazivní přístup (anterior minimally invasive surgery)
AMK ; aminokyselina
AMKL ; akutní megakaryoblastová leukemie
AML ; akutní myeloidní leukemie
AMM ; arteria meningica media asymptomatický mnohočetný myelom
AMN ; adrenomyeloneuropatie
AMNIO ; amnioskopie
AMO ; amoxicilin antisense morpholino oligonucleotide
AMOA ; arc modulation optimization algorithm
AMP ; adenosinmonofosfát (adenosine monophosphate) amfetaminy (amphetamine) ampicilin ampule antimikrobiální peptidy antimitochondriální protilátky
amp. ; ampule
AMPA ; kyselina α-amino-3-hydroxy-5-methyl-4-isoxazolepropionová
AMPAR ; α amino 3-hydroxy 5-methyl 4-izoxazolepropionátové receptory
aMPEA ; anatomický mediální proximální femorální úhel
AMPK ; AMP-dependentní proteinkináza (AMP-activated protein kinase)
ampl. ; amplituda
AMR ; protilátkami zprostředkovaná rejekce, akutní humorální rejekce (antibody mediated rejection)
AMS ; akutní vysokohorská nevolnost (acute mountain sickness) amnioskopie ampicilin + sulbaktam amyláza v séru, α-amyláza antimakrofágové sérum arteria mesenterica superior
AMSAN ; akutní motorická a senzitivní axonální neuropatie (acute motor and sensory axonal neuropathy)
AMSP ; něm. Arzneimittelsicherheit in der Psychiatrie (léková bezpečnost v psychiatrii, program sledující bezpečnost léků)
AMT ; antromastoidektomie α-methyltyrosin
AMTK ; ambulantní monitorace tlaku krve
AMTS ; skóre zkráceného mentálního testu (abbreviated mental test score)
22;
AMV ; virus ptačí myeloblastózy (avian myeoloblastosis virus)
an ; agger nasi
AN ; acanthosis nigricans Alzheimerova nemoc aneurysma anorexia nervosa auditory neuropathy autonomní neuropatie IgA nefropatie prenatální, předporodní (antenatal)
ANA, ANAb ; antinukleární protilátky (antinuclear antibodies)
ANAD ; atypická neuroaxonální dystrofie
ANAE ; nespecifická esteráza (α-naftyl-acetátesteráza)
ANAES ; fr. Agence Nationale d’Accréditation et d’Evaluation en Santé (Národní agentura pro akreditaci zdravotnických zařízení)
analg. ; analgetika, analgetický analgetizace
anamn. ; anamnéza, anamnestický
anat. ; anatomický
ANBE ; a-naftylbutyrátesteráza (vyšetřuje se v leukocytech u akutních leukemií)
ANC ; absolutní počet neutrofilů
ANCA ; protilátky proti skupině bílých krvinek (antineutrophilic cytoplasmic antibody)
ANCA IFA ; nepřímá imunofluorescence protilátek cytoplasmy neutrofilních leukocytů (anti-neutrophil cytoplasmic antibody immunofluorescence assay)
ANCOVA ; analysis of covariance
AND ; 16-androstadien-3-on
ANDI ; aberace normálního vývoje a involuce (aberrations of normal development and involution)
anest. ; anestezie, anesteziologický
ANF ; antinukleární faktor atriální natriuretický faktor
Ang, ANG ; angiogenin angiopoetin
ANH ; akutní normovolemická hemodiluce atriální natriuretický hormon
ANCHOR ; Anti-VEGF body Antibody for the Treatment od Predominantly Classic Choroidal Neovascularization in Age-Related Macular Degeneration (název studie)
anizo. ; anizokorie
ANLL ; akutní nelymfoblastová leukemie
ANM ; automatická negativní myšlenka
ANMAT ; National Administration of Food, Drugs and Medical Technology (argentinská léková agentura)
ANOVA ; analýza rozptylu (analysis of variance)
ANP ; acyklický nukleosidfosfonát anaerobní práh anopyrin antinukleární protilátky atriální natriuretický peptid
ANR ; fr. Francouzská Národní agentura pro výzkum (Agence nationale de la recherche)
ANS ; autonomní nervový systém
ANST ; antrostomie
ANT ; Associazione Nazionale Tumori (Národní asociace zaměřená na rakovinu v Itálii)
ant. ; přední, vpředu (anterior)
antGnRH ; antagonista GnRH
anti AMPA ; protilátky proti AMPA glutamátovým receptorům
anti-ds DNA ; protilátka proti dvouvláknové DNA (double stranded DNA antibodies)
anti GAD ; protilátky proti dekarboxyláze glutamové kyseliny
anti GAG ; anti-gangliosidové protilátky
anti GBM ; protilátky proti bazální membráně glomerulů
anti GPCAb ; autoprotilátky proti gastroparietálním buňkám
anti HAV ; protilátka proti viru hepatitidy A
anti HBc ; protilátka proti korovému antigenu hepatitidy B
anti HBe ; protilátka proti e antigenu hepatitidy B
anti HBs ; protilátka proti s antigenu hepatitidy B
anti HCV ; protilátka proti viru hepatitidy C
anti NMDAR ; protilátky proti glutamátovým NMDA receptorům
anti Tg ; protilátka proti thyreoglobulinu
anti TPO ; protilátka proti tyreoidální peroxidáze
anti VEGF ; protilátka proti vaskulárnímu růstovému endoteliálnímu faktoru
anti VGKC ; protilátky proti napěťově řízeným kaliovým kanálům
antif. hmaty ; antifibrotické hmaty
antihist. ; antihistaminika
ANTRA ; antracyklin
23;
ANTROPO ; počítačový program pro zpracování antropologických dat
ANTU ; a-naftylthiomočovina (alpha-naphtyl thiourea)
ANUC ; antinukleozomální protilátka (anti-nucleosome antibody)
ANUG ; akutní nekrotizující ulcerózní gingivitida
ANVPD ; Adult Non-Verbal Pain Scale
ANX ; soubor úzkostných subjektů
ANZICS ; Australia and New Zealand Intensive Care Society
Ao ; aorta, aortální, aortální chlopeň
AO ; akridinová oranž anaplastický oligodendrogliom aorta, aortální arteria ophthalmica atlantookcipitální skloubení Společnost pro otázky osteosyntézy (něm. Arbeitsgemeinschaft für Osteosynthesefragen)
ao. chl. ; aortální chlopeň
AOA ; anaplastický oligoastrocytom
AOC ; allen-oxid cykláza celková antioxidační kapacita (antioxidant capacity)
AoD ; vnější průměr bronchu (airway outer diameter)
AOD ; alcohol or other drugs (alkohol nebo jiné drogy) atlantookcipitální dislokace vnější průměr bronchu (airway outer diameter)
AODM ; diabetes mellitus se začátkem v dospělosti (adult onset diabetes mellitus)
AOE ; antioxidační enzym
AOFAS ; American Orthopaedic Foot and Ankle Society
AOG ; anaplastický oligogliom
AOGHD ; deficit růstového hormonu vzniklý v dospělosti (adult onset growth hormone deficiency)
AOLC ; vyšetření sloužící k rychlé a snadné detekci bakteriemie při zavedeném centrálním žilním katétru z velmi malého množství krve (acridine orange leucocyte cytospin)
AOPP ; produkt pokročilé oxidace proteinů (advanced oxidation protein product)
AoR ; aortální regurgitace
AORA ; Academy of Regional Obstetric Analgesia and Anaesthesia (česká iniciativa pro rozvoj regionální analgezie v porodnictví)
AORI ; Anderson Orthopaedic Research Institute classification (klasifikace ztráty kosti, podle výzkumné insituce v americké Virginii)
AORRP ; adult-onset recurrent respiratory papillomatosis (dospělá forma rekurentní respirační papilomatózy)
AoS ; aortální stenóza
AOS ; allenoxidsyntáza řečová apraxie (apraxia of speech)
AOSD ; Stillova nemoc se začátkem v dospělém věku (adult-onset Still’s desease)
aoskl. ; atlantookcipitální skloubení
AOSLO ; adaptive optics scanning laser ophthalmoscopy
AOX ; acyl-CoA-oxidáza
aP ; plicnice (arteria pulmonalis)
AP ; accessory protein adductor pollicis akcelerovaná fáze (accelerated phase) akční potenciál aktivační protein aktivní pohyb akutní pankreatitida algeziologické pracoviště alveolární proteinóza amiodaronová plíce angina pectoris antero-posteriorní projekce, předozadní rentgenový snímek antipsychotikum anulární pankreas apnoická pauza arteria poplitea arteria pulmonalis arteriální tlak (arterial pressure) asymptomatická prostatitida α-2-antiplasmin
AP projekce ; antero-posteriorní, předozadní projekce
AP-1 ; transkripční faktor (activator protein-1)
aP2 ; adipocytární protein 2
APA ; adenom produkující aldosteron (aldosterone-producing adenoma) Americká psychiatrická asociace (American Psychiatric Association) aminopenicilanová kyselina (aminopenicillanic acid) antifosfolipidové protilátky (anti-phospholipid antibodies)
APAAP ; alkaline phosphatase anti-alkaline phosphatase (histochemická technika v dermatopatologii)
APACCM ; Asia Pacific Association of Critical Care Medicine
24;
APAF ; apoptotický proteázu aktivující protein (apoptotic protease-activating factor)
APACHE ; Acute Physiology and Chronic Health Evaluation
APAP ; autotitrační přetlak v dýchacích cestách v režimu CPAP (automatic positive airway pressure)
APASL ; Asijsko-Pacifická společnost pro studium jater (Asian Pacific Association for the Study of the Liver)
APB ; abductor policis brevis antigen prezentující buňka
aPC ; aktivovaný protein C
APC ; acetylsalicylová kyselina, paracetamol, kofein (aspirin-phenacetin-caffeine) aktivovaný protein C anestetické předtrénování (anaesthetic preconditioning) argonová koagulace (argon plasma coagulation) buňky předkládající antigen, antigen prezentující buňky (antigen presenting cells) tumor-supresorový gen zodpovědný za vznik familiární adenomatózní polypózy a kolorektálního karcinomu (adenomatous polyposis coli)
APCD ; adult pacient in chronic dialysis
APCI ; chemická ionizace za atmosférického tlaku (atmospheric-pressure chemical ionization)
APCR ; rezistence k aktivovanému proteinu C (activated protein C resistance)
APD ; arteria pancreatico-duodenalis automatizovaná peritoneální dialýza
APDA ; American Parkinson Disease Association (nadace pro výzkum Parkinsonovy choroby a podporu nemocných)
aPDFA ; anatomický dorzální distální femorální úhel (anatomical posterior distal femur angle)
APE ; apendektomie
APECED ; autoimunitní polyendokrinopatie, Blizzardův syndrom (autoimmune phenomena, polyendocrinopathy, candidiasis and ectodermal dystrophy)
APEMP ; dospělé parietální epitelové buňky (adult parietal epithelial multipotent progenitors)
aperit. ; aperitoneální
APEX ; arrayed primer extension
APF ; antiperinukleární faktor antiproliferativní faktor arteria profunda femoris kyselý fluorofosfát (acidulated phosphate fluoride)
APG ; air plethysmography Apgar skóre
APHP ; fr. Assistance Publique Hôpitaux de Paris (systém pařížských veřejných nemocnic)
API ; antipsychotikum první generace astma s predikčními indiciemi v dětském věku/predikční index astmatu (asthma predictive index)
APII ; antipsychotikum druhé generace
APL ; akutní promyelocytární leukemie atelektáza po plicní lobektomii fosfolipidová protilátka (antiphospholipid) regulovatelný tlakový ventil (adjustable pressure limiting valve)
apl. ; aplikace, aplikovat
APLA ; antifosfolipidová protilátka (antiphospholipid antibody) Asociace pomáhající lidem s autismem
APLS ; antifosfolipidový syndrom
APMPPE ; akutní zadní multifokální plakoidní pigmentová epiteliopatie (acute posterior multifocal placoid pigment epitheliopathy)
APN ; absolutní počet neutrofilů akutní pyelonefritida
Apo ; apolipoprotein (apoprotein)
APo ; arteria poplitea
Apo A, APOA ; apolipoprotein A
ApoB, APOB ; apolipoprotein A, B
Apo E, APOE ; apolipoprotein E
APOLT ; auxiliární parciální ortotopická transplantace jater (auxiliary partial orthotopic liver transplantation)
APOMYGRE ; fr. Adaptation de Posologie du MMF en Grefe Rendle (název studie)
APOP ; ambulance paliativní onkologické péče
APP ; amyloidní prekurzorový protein (amyloid precursor protein) břišní perfuzní tlak (abdominal perfusion pressure) proteiny akutní fáze (acute phase proteins)
APPA ; average pair-wise percent agreement
APPE ; appendektomie
25;
APPROVE ; Adenomatous Polyp Prevention with VIOXX (název studie)
APR ; odezva akutní fáze (acute phase response)
APRF ; transkripční faktor reakce akutní fáze (acute phase reaction factor)
APRIL ; proliferaci indukující ligand B lymfocytů (A proliferation-inducing ligand)
APRV ; ventilace uvolňováním přetlaku v dýchacích cestách (airway pressure release ventilation)
APS ; acute pain service American Pain Society analyzátor předního segmentu antifosfolipidový syndrom (antiphospholipid syndrome) atypický parkinsonský syndrom autoimunitní polyglandulární syndrom
APSAC ; antistreptáza (anisoylated plasminogen-streptokinase activator complex)
APTES ; γ-aminopropyltriethoxysilane
aPTT, APTT ; aktivovaný parciální protrombinový čas (activated partial thromboplastin time)
APU ; akutní přední uveitida
APUD ; vychytávající a dekarboxylující prekurzory aminů (amino precursors uptake and decarboxylation)
APV ; adaptivní tlaková ventilace (adaptive pressure ventilation) amprenavir ANCA pozitivní vaskulitida
AQ ; koeficient afázie (aphasia quotient) Kvocient autistického spektra (Autism-spectrum quotient, v ČR též jako „Aspergerův kvocient“)
aq. ; aqua (voda)
aq. astr. ; aqua astricta (zmrzlá, ledová voda, led)
aq. bull. ; aqua bulliens (vroucí voda)
aq. cal. ; aqua calida (horká voda)
aq. com. ; aqua communis (obyčejná voda)
aq. dest. ; aqua destillata (destilovaná voda)
aq. ferv. ; aqua fervens (vřelá voda)
aq. fluv. ; aqua fluvialis (říční voda)
aq. font. ; aqua fontana (pramenitá, pitná voda)
aq. frig. ; aqua frigida (studená voda)
aq. mar. ; aqua marina (mořská voda)
aq. niv. ; aqua nivalis (sněhová voda)
aq. pluv. ; aqua pluvialis (dešťová voda)
aq. pur. ; aqua pura (čistá voda)
aq. ster. ; aqua sterilisata (sterilizovaná voda)
aq. tep. ; aqua tepida (vlažná voda)
AQLQ ; Mini Asthma Quality of Life Questionnaire
AQP ; akvaporin (aquaporin)
AR ; akutní rejekce alergická rinitida, alergická rýma androgenní receptor (androgen receptor) anesteziologicko-resuscitační antirotační bota aortální regurgitace arteria radialis arteria renalis artikulační rychlost asistovaná reprodukce aspektový poměr (aspect ratio) atributivní riziko autorefraktometr autozomálně recesivní (dědičnost) awake resection
ARA ; antagonista androgenního receptoru (androgen receptor antagonist) antagonisté receptorů pro angiotenzin antiretikulinová protilátka (antibody) kyselina arachidonová (arachidonic acid)
ARA‑A ; adeninarabinosid, arabinosyladenin
Ara-C, ARA-C ; cytosinarabinosid (cytarabin)
ARAS ; ascendentní retikulární aktivační systém aterosklerotická stenóza renální tepny
ARAT ; action research arm test (test posuzující aktivitu ruky)
ARB ; blokátor angiotenzinových receptorů (angiotensin receptor blocker)
arb. j. ; arbitrární jednotka
ARBD ; vrozené malformace vznikající v souvislosti s konzumací alkoholu v těhotenství
Arbo ; arboviry
ARC ; komplex vztahující se k AIDS (AIDS-related complex) nucleus arcuatus středisko zotavení po alkoholu (Alcohol Recovery Centre)
ARCaNE ; Antibiotic Resistance of Conjunctiva and Nasopharynx Evaluation (název studie)
ARCC ; Alzheimer’s Disease Research Center of California
ARCO ; Association Research Circulation Osseus
26;
ARD ; akutní respirační onemocnění (acute respiratory disease) Refsumova nemoc dospělých (adult Refsum disease)
AR-DLBCL ; AIDS-related diffuse large B-cell lymphoma
ARDS ; syndrom dechové tísně dospělých (adult respiratory distress syndrome)
ARE ; antioxidant response element motivy bohaté na adenosin a uridin (AU rich elements)
AREDS ; Age-Related Eye Disease Study (název studie)
AREG ; amphiregulin
ARES ; anorektální endosonografie
AReT ; trakční odchlípení sítnice (amotio retinae e tractione)
ARF ; akutní respirační selhání (acute respiratory failure) akutní revmatická horečka (acute rheumatic fever) akutní selhání ledvin (acute renal failure)
Arg ; arginin
ArgHCL ; arginin hydrochlorid
ARGO ; reciproční ortéza pro chůzi (advanced reciprocating gait orthosis)
Argon ; laserová léčba sítnice
ARH ; abdominální radikální hysterektomie autozomálně recesivní hypercholesterolemie
ARCH ; Aortic Arch Related Cerebral Hazard (název studie)
ARI ; akutní respirační infekce akutní respirační selhání (acute respiratory insufficiency) akutní selhání ledvin (acute renal insufficiency) inhibitory 5α-reduktázy (alpha reductase inhibitors) inhibitory aldózoreduktázy (aldose reductase inhibitors)
ARIA ; alternativní cesty aplikace inzulinu (alternative routes of insulin administration) Iniciativa alergická rýma a její vliv na astma (Allergic Rhinitis and its Impact on Asthma)
ARIC ; Atherosclerosis Risk in Communities Study (název studie)
ARIF ; artroskopická repozice a vnitřní fixace
ARIM ; oddělení anestezie, resuscitace a intenzivní medicíny
ARIP ; akutní rekurentní idiopatická pankreatitida anesteziologie-resuscitace a intenzivní péče
ARISTOTLE ; Apixaban for Reduction in Stroke and Other Thromboembolic Events in Atrial Fibrillation (název studie)
ARK ; alergická rinokonjuktivitida anesteziologicko-resuscitační klinika anomální retinální korespondence, amblyopie a anomální retinální korespondence
ARLGMD ; autozomálně recesivní pletencová muskulární dystrofie (autosomal recessive limb-girdle muscular dystrophy)
ARM ; anorektální malformace
ARMD ; věkem podmíněná makulární degenerace (age related macular degeneration)
ARMER ; apoptotic regulator in the membrane of the endoplasmic reticulum
ARMI ; věkem podmíněná porucha paměti (age-related memory impairment)
ArMORR ; Accelerated Mortality on Renal Replacement (název studie)
ARMS ; amplifikační refrakční mutační systém (amplification refractory mutation system)
ARN ; akutní retinální nekróza
ARND ; poruchy nervového vývoje spojené s alkoholem (alcohol related neurodevelopmental disorder)
ARNI ; angiotensin receptor neprilysin inhibitor
ARNT ; aryl-hydrocarbon receptor nuclear translocator
ARO ; akutní respirační onemocnění anesteziologicko-resuscitační oddělení autozomálně recesivní osteopetróza
AROM ; umělé protržení plodových obalů (artificial rupture of membranes)
ARPKD ; autozomálně recesivní polycystické onemocnění ledvin (autosomal recessive polycystic kidney disease)
ARR ; absolutní riziko recidivy rhegmatogenní odchlípení sítnice (amotio retinae rhegmatogenes)
ARREST ; Amsterdam Resuscitation Study (název studie)
27;
ARRIVE ; Abatacept Study of Safety in Use with Other Rheumatoid Arthritis Therapies (název studie)
ARS ; akutní radiační syndrom akutní renální selhání akutní rinosinusitida aminoacyl-tRNA-syntetáza autonomně se replikující sekvence (autonomously replicating sequences)
ARSD ; apical rib spread difference
ARŠ ; antirotační šroub
ART ; acidorezistentní tyčky aplanační rezonanční tonometr articulatio assessment for retreatment with transarterial chemoembolization metoda asistované reprodukce (assisted reproduction technology) náhradní terapie androgeny
art. ; tepna, arterie, arteriální kloub (articulatio)
ARTEMIS ; Abatacept Treatment in Polymyositis and Dermatomyositis (název studie)
ARTN ; artemin, gen kódující artemin
ARUK ; Alzheimer’s Research UK
ARV ; retrovirus spojený s AIDS (AIDS-associated retrovirus)
ARVD ; arytmogenní dysplazie pravé komory (arrhythmogenic right ventricle dysplasia)
ARWMC ; age related white matter changes
As ; astigmatismus
AS ; absolutní skotom acute stroke Adamsův-Stokesův (syndrom, záchvat) adenosarkom akademický senát akce srdeční aktivní sledování alelově-specifický Alportův syndrom alveolitis sicca ambulantní specialisté analgosedace anapleurotický substrát Angelmanův syndrom angiosarkom ankylozující spondylartritida, ankylozující spondylitida antibiotické středisko anticholinergní syndrom antisyntetázový syndrom aortální stenóza Apgar-skóre arteria subclavia artroskopický Ashworthova škála Aspergerův syndrom aspirační syndrom ateroskleróza autistické spektrum autologní sérum
as. ; asistent
AS + ; akce srdeční plodu přítomna
AS neprav. ; akce srdeční nepravidelná
AS prav. ; akce srdeční pravidelná
AS univ. ; povšechná ateroskleróza (atherosclerosis universalis)
ASA ; acetylsalicylová kyselina (acetylsalicylic acid) arylsulfatáza A Avonex-Steroid-Azathioprine (název studie) klasifikace rizika v souvislosti s operací podle Americké anesteziologické společnosti (American Society of Anesthesiologists) protilátky proti spermiím (anti-sperm antibodies)
ASA/NSA ; léková skupina zahrnující acetylsalicylovou kyselinu a nesteroidní antirevmatika
A-SAA ; sérový amyloidní A protein
ASAP ; atypické maloacinární proliferace (atypical small acinar proliferation)
ASAS ; Assessment in Ankylosing Spondylitis (Pracovní skupina pro ankylozující spongylitidu)
ASB ; anatomická jednosvazková náhrada (anatomical single-bundle) spontánní dýchání s podporou (assisted spontaneous breathing)
ASC ; abdominální sakrokolpopexe acetylsulfanilylchlorid adult tissue-derived stem cell akantolytická varianta skvamózního karcinomu (acantholytic variant of squamous carcinoma) artroskopie (arthroscopic) aterosclerosis cerebri atypické dlaždicovité buňky (atypical squamous cells)
asc. ; vzestupný (ascendens)
ASCA ; protilátky proti Saccharomyces cerevisiae (anti-Saccharomyces cerevisiae antibodies)
ASCCC ; asymptomatická spondylogenní komprese krční míchy (asymptomatic spondylotic cervical cord compression)
ASCCM ; Americká společnost intenzivní medicíny (American Society of Critical Care Medicine)
ASCCP ; Americká společnost pro kolposkopii a cervikální patologii (American Society for Colposcopy and Cervical Pathology)
ASC-H ; skvamózní intraepiteliální léze vysokého stupně (atypical squamous cells)
ASCI ; Americká společnost klinického vyšetření (American Society of Clinical Investigation)
ASCL ; arteria subclavia
28;
ASCO ; Americká společnost klinické onkologie (American Society of Clinical oncology)
ASCOD ; klasifikace cévní mozkové příhody (Atherosclerosis, Small-vessel disease, Cardiac pathology, Other causes, Dissection)
ASCOT ; Anglo-Scandinavian Cardiac Outcomes Trial (název studie)
ASCP ; anterior superior compression plate (kompresní dlaha)
ASCT ; transplantace vlastních krvetvorných kmenových buněk (autologous stem cell transplantation)
ASC-US ; atypické buňky skvamózního typu nejasné závažnosti (atypical squamous cell with undefined/undetermined significance)
ASD ; adjacent segment degeneration arthroscopic subacromial decompression defekt síňového septa (atrial septal defect) porucha autistického spektra (autism spectrum disorder)
ASDAS ; Ankylosing Spondylitis Disease Activity Score
ASDH ; akutní subdurální hematom
ASDI ; Asperger Syndrome Diagnostic Interview (diagnostický dotazník)
ASE ; absence status epilepticus Americká společnost pro echokardiografii (American Society of Echocardiography) Attention Screening Examination (screeningové vyšetření pozornosti)
ASES ; American Shoulder and Elbow Surgeons (odborná společnost)
ASEX ; dotazník sexuálních poruch u pacien-tů s depresí (Arizona Sexual Experience Scale)
ASF ; aldosteron stimulující faktor
ASFA ; Americká společnost pro hemaferézu (American Society for Apheresis)
ASGE ; Americká společnost pro gastrointestinální endoskopii (American Society for Gastrointestinal Endoscopy)
ASGPR ; protilátky proti asialoglykoproteinovému receptoru (autoantibodies to asialoglycoprotein receptor)
ASH ; abdominální sakrální hysteropexe asymetrická hypertrofie septa (asymmetrical septal hypertrophy) rozpětí paží, výška interpolovaná z rozpětí paží (arm span height)
ASHA ; American Speech and Hearing Association (odborná společnost)
ASHAP ; chemoterapeutický režim (doxorubicin [Adriamycin], methylprednisolone [Solumedrol], High-dose Ara-C, cisplatina [Platinum])
ASHD ; arteriosklerotické (aterosklerotické) onemocnění srdce (atherosclerotic heart disease)
ASHG ; Americká společnost pro lidskou genetiku (American Society of Human Genetics)
ASHT ; Americká společnost terapeutů ruky (American Society of Hand Therapists)
ASI ; after stimulus interval Ambivalent Sexism Inventory
ASIA ; Americká asociace spinálního poranění (American Spinal Injury Association)
ASIC ; kationtové kanály reagující na kyselost (acid-sensing ion channels)
ASIS ; anterior superior iliac spine (spina iliaca anterior superior)
ASIT ; alergen-specifická imunoterapie
ASJ ; akutní selhání jater
ASK ; acetylsalicylová kyselina antistreptokináza artroskopie Australian Streptokinase Trial (název studie)
ASKK ; artroskopie kyčelního kloubu
ASL ; airway surface liquid (součást hlenu dýchacích cest) akutní selhání ledvin antistreptolyzin (ASLO, ASO) argininsukcinát lyáza arterial spin labeling
ASLO ; antistreptolyzin O
ASM ; agresivní systémová mastocytóza
ASMA ; protilátky proti buňkám hladkého svalu (anti-smooth muscle antibodies)
ASMP ; Automated System of Medicinal Products
Asn ; asparagin
ASN ; Americká nefrologická společnost (American Society of Nephrology)
ASNAP ; amplituda senzitivního akčního potenciálu
ASNS ; asparagin syntetáza
ASO ; alelově specifický oligonukleotid Amplatzův septální okluder (Amplatzer
29;
Septal Occluder) antistreptolyzin O obliterující arterioskleróza (arteriosclerosis obliterans);
Asp ; asparagová kyselina
ASP ; acylation stimulating protein (protein podporující acylaci, tj. ukládání tuků) akce srdeční plodu autonomic symptom profile (dotazník využívaný např. v diabetologii) protein stimulující acylaci (acylation stimulating protein)
ASPD ; syndrom předčasné fáze spánku (advanced sleep phase disorder)
ASPECT ; Aspirin Induced Platelet Effect Study (název studie)
ASPECTS ; Alberta Stroke Program Early CT Score (hodnotící skóre užívané u CMP)
ASPEN ; Americká společnost parenterální a enterální výživy Atorvastatin Study for Prevention of Coronary Heart Disease Endpoints in Non Insulin Dependent Diabetes Mellitus (název studie)
ASPHER ; Evropské asociace škol veřejného zdravotnictví (Association of Schools of Public Health in the European Region)
ASPIRANT ; Addition of Spironolactone in Patients with Resistant Arterial Hypertension (název studie)
ASPIRE ; Alberta Stroke Prevention in TIAs and mild strokes (program prevence CMP)
ASPS ; syndrom předčasné fáze spánku (advanced sleep phase syndrome)
ASRA ; American Society of Regional Anaesthesia (Americká společnost regionální anestezie)
ASRI ; alosterický inhibitor zpětného vychytávání serotoninu (allosteric serotonin reuptake inhibitor)
ASRM ; Americká společnost pro reprodukční medicínu (American Society for Reproductive Medicine)
ASR-W ; počet onemocnění na 100 000 osob standardizovaný na světový věkový standard (age standardized rate-world)
ASS ; Aarskogův-Scottův syndrom akutní srdeční selhání antisyntetázový syndrom
ASSHP ; Australská společnost pro studium hypertenze v porodnictví (Australian Society for the Study of Hypertension in Pregnancy)
ASST ; kožní test užívající autologní sérum (autologous serum skin test)
AST ; aspartátaminotransferáza, aspartáttransamináza astigmatismus
AST/ALT ; de Ritisův index (poměr aminotransferáz)
ASTEROID ; A Study to Evaluate the Effect of Rosuvastatin on Intravascular Ultrasound-Derived Coronary Atheroma Burden (název studie)
ASTRAL ; Angioplasty and Stenting for Renal Artery Lesions (název studie) Asthma Treatment Algorithm (název studie)
ASTRO ; American Society for Therapeutic Radiology and Oncology
ASTRONAUT ; Acid Suppression Trial: Ranitidine Versus Omeprazole for NSAIDassociated Ulcer Treatment Study (název studie)
ASTRUP ; vyšetření krevních plynů a vnitřního prostředí dle Astrupa, vyšetření acidobazické rovnováhy (nejde o akronym)
ASU ; nezmýdelnitelný extrakt z avokáda a sóji (avocado soyabean unsaponifiable)
ASV ; adaptivní podporovaná ventilace (adaptive support ventilation)
ASVAL ; fr. ablation selective des varices sous anesthesie locale (léčba varixů selektivní ablací v lokální anestezii)
Asy, ASY ; asymetrický asystolie
ASZ ; akutní symptomatický záchvat
AŠ ; Achillova šlacha
AT ; acquisition time adenoidektomie
A-T ; ataxia-telangiectasia
AT bilat. ; oboustranná adnexektomie
AT I, AT II ; angiotenzin I, angiotenzin II
AT III ; antitrombin III
AT/BT ; aplanační/bezkontaktní tonometrie
